x1,x2,x3,x4,x5,x6,x7
7.0,1.0,0.8918936678751231,1.0,1.0,0.0,0.0
7.0,2.0,0.7466715325495195,2.0,1.0,0.0008340283569641367,8.467607367150476e-17
6.0,1.0,0.7496455500481265,3.0,1.0,0.0016680567139282735,5.410225297753111e-15
3.0,1.0,0.49047368726373136,4.0,1.0,0.0025020850708924102,6.152292337893335e-14
5.0,1.0,0.7743280423295281,5.0,1.0,0.003336113427856547,3.450983116191537e-13
3.0,2.0,0.4435206256068684,6.0,1.0,0.004170141784820684,1.3142432513595288e-12
3.0,3.0,0.25792223649559815,7.0,1.0,0.0050041701417848205,3.9177386908935705e-12
2.0,1.0,0.08582763511076363,8.0,1.0,0.005838198498748957,9.862518409658841e-12
5.0,2.0,0.44473439678393156,9.0,1.0,0.006672226855713094,2.193868138336958e-11
5.0,3.0,0.2757137713339365,10.0,1.0,0.007506255212677231,4.4401337792604004e-11
3.0,4.0,0.4151294917056875,11.0,1.0,0.008340283569641367,8.340859107621819e-11
7.0,3.0,0.891931448985485,12.0,1.0,0.009174311926605505,1.4751496080979933e-10
1.0,1.0,0.3867414733174898,13.0,1.0,0.010008340283569641,2.4821955356824603e-10
1.0,2.0,0.14512269462092872,14.0,1.0,0.010842368640533779,4.005682913103894e-10
1.0,3.0,0.08616319159200045,15.0,1.0,0.011676396997497914,6.238095092024344e-10
8.0,1.0,0.9883302239590736,16.0,1.0,0.012510425354462052,9.421022371758705e-10
0.0,1.0,0.4973472365174773,17.0,1.0,0.013344453711426188,1.3852764818943305e-9
1.0,4.0,0.09294816373149135,18.0,1.0,0.014178482068390326,1.989644828182698e-9
6.0,2.0,0.2250827546266252,19.0,1.0,0.015012510425354461,2.7988646813507675e-9
1.0,5.0,0.422728182440433,20.0,1.0,0.0158465387823186,3.864850474222311e-9
6.0,3.0,0.7472690812012514,21.0,1.0,0.016680567139282735,5.248735165059681e-9
5.0,4.0,0.5395218103194047,22.0,1.0,0.01751459549624687,7.0218803549524964e-9
8.0,2.0,0.9896013172812304,23.0,1.0,0.01834862385321101,9.266934355618142e-9
3.0,5.0,0.6242603256080075,24.0,1.0,0.019182652210175146,1.2078937540940391e-8
8.0,3.0,0.9485684314467732,25.0,1.0,0.020016680567139282,1.556647431795191e-8
1.0,6.0,0.44453618806809964,26.0,1.0,0.020850708924103418,1.985287105534391e-8
5.0,5.0,0.751161505480419,27.0,1.0,0.021684737281067557,2.5077439309967066e-8
0.0,2.0,0.2446114310227145,28.0,1.0,0.022518765638031693,3.1396763694164524e-8
5.0,6.0,0.4497307741349808,29.0,1.0,0.02335279399499583,3.898603372915887e-8
2.0,2.0,0.34427757801720693,30.0,1.0,0.02418682235195997,4.804041903209118e-8
3.0,6.0,0.40301236825470094,31.0,1.0,0.025020850708924104,5.877648718669168e-8
3.0,7.0,0.5467783180452668,32.0,1.0,0.02585487906588824,7.143366364993936e-8
5.0,7.0,0.6953128703624111,33.0,1.0,0.026688907422852376,8.627573304944692e-8
5.0,8.0,0.5961577186896624,34.0,1.0,0.027522935779816515,1.0359238122868205e-7
4.0,1.0,0.25224787140940846,35.0,1.0,0.02835696413678065,1.2370077739952756e-7
3.0,8.0,0.5477303207111227,36.0,1.0,0.029190992493744787,1.469471957640424e-7
4.0,2.0,0.2801444277145097,37.0,1.0,0.030025020850708923,1.7370867596968617e-7
6.0,4.0,0.7440731542923292,38.0,1.0,0.030859049207673062,2.043947217646249e-7
6.0,5.0,0.6624290084700106,39.0,1.0,0.0316930775646372,2.394490372221431e-7
6.0,6.0,0.8512464179575381,40.0,1.0,0.03252710592160134,2.7935129990552584e-7
0.0,3.0,0.024992710168639683,41.0,1.0,0.03336113427856547,3.2461897034721974e-7
4.0,3.0,0.6601479445117268,42.0,1.0,0.03419516263552961,3.758091372183617e-7
5.0,9.0,0.7432081624620497,43.0,1.0,0.03502919099249374,4.33520397567254e-7
4.0,4.0,0.6038506253048573,44.0,1.0,0.03586321934945788,4.983947715076497e-7
8.0,4.0,0.6937516800959561,45.0,1.0,0.03669724770642202,5.711196507401654e-7
2.0,3.0,0.252652170691488,46.0,1.0,0.03753127606338615,6.524297802924358e-7
8.0,5.0,0.801790907250045,47.0,1.0,0.03836530442035029,7.431092728661193e-7
3.0,9.0,0.4182814011126664,48.0,1.0,0.03919933277731443,8.439936551810889e-7
5.0,10.0,0.7817589597305422,49.0,1.0,0.040033361134278564,9.559719457096656e-7
7.0,4.0,0.8229631491423159,50.0,1.0,0.0408673894912427,1.0799887631960905e-6
3.0,10.0,0.618957352236568,51.0,1.0,0.041701417848206836,1.2170464653586844e-6
7.0,5.0,0.6687703638420275,52.0,1.0,0.042535446205170975,1.3682073171747874e-6
3.0,11.0,0.2845073771817691,53.0,1.0,0.043369474562135114,1.5345956881506028e-6
8.0,6.0,0.8039987870979471,54.0,1.0,0.04420350291909925,1.7174002779808588e-6
6.0,7.0,0.8718841890819053,55.0,1.0,0.045037531276063386,1.917876370005105e-6
7.0,6.0,0.9473994885208529,56.0,1.0,0.045871559633027525,2.137348111870393e-6
0.0,4.0,0.05230465645543796,57.0,1.0,0.04670558798999166,2.377210822811799e-6
4.0,5.0,0.4318026288850797,58.0,1.0,0.0475396163469558,2.638933326965402e-6
0.0,5.0,0.20523159205600458,59.0,1.0,0.04837364470391994,2.924060312129997e-6
5.0,11.0,0.1406737062455371,60.0,1.0,0.04920767306088407,3.2342147133966056e-6
5.0,12.0,0.6547135995965858,61.0,1.0,0.05004170141784821,3.5711001210671747e-6
0.0,6.0,0.01407909569510923,62.0,1.0,0.05087572977481234,3.936503212286176e-6
1.0,7.0,0.15063318028528103,63.0,1.0,0.05170975813177648,4.332296205811066e-6
0.0,7.0,0.0045404784819419505,64.0,1.0,0.05254378648874062,4.760439339350395e-6
2.0,4.0,0.17909104609090518,65.0,1.0,0.05337781484570475,5.222983368900048e-6
3.0,12.0,0.347509398089986,66.0,1.0,0.05421184320266889,5.72207208951105e-6
6.0,8.0,0.7829109576287566,67.0,1.0,0.05504587155963303,6.259944876924657e-6
3.0,13.0,0.26384119394822153,68.0,1.0,0.05587989991659716,6.838939249512687e-6
6.0,9.0,0.7855329868366646,69.0,1.0,0.0567139282735613,7.461493449962989e-6
6.0,10.0,0.7537840965473237,70.0,1.0,0.057547956630525435,8.130149046153729e-6
7.0,7.0,0.7425793705718442,71.0,1.0,0.058381984987489574,8.847553550660694e-6
8.0,7.0,0.9581542493466867,72.0,1.0,0.05921601334445371,9.61646305834582e-6
7.0,8.0,0.7117517399624406,73.0,1.0,0.060050041701417846,1.0439744901476293e-5
2.0,5.0,0.34010620960782834,74.0,1.0,0.060884070058381985,1.1320380321827019e-5
5.0,13.0,0.5853302499927071,75.0,1.0,0.061718098415346125,1.2261467159220607e-5
0.0,8.0,0.20424750875502765,76.0,1.0,0.06255212677231026,1.326622255596223e-5
3.0,14.0,0.40999432265598174,77.0,1.0,0.0633861551292744,1.4337985676628719e-5
8.0,8.0,0.9873721736194747,78.0,1.0,0.06422018348623854,1.5480220442673536e-5
1.0,8.0,0.37520278970084064,79.0,1.0,0.06505421184320268,1.6696518281311745e-5
6.0,11.0,0.8650886650968679,80.0,1.0,0.0658882402001668,1.7990600888152192e-5
5.0,14.0,0.5466071385263623,81.0,1.0,0.06672226855713094,1.9366323003044335e-5
1.0,9.0,0.035141104106411275,82.0,1.0,0.06755629691409508,2.0827675198613074e-5
6.0,12.0,0.5975740534757167,83.0,1.0,0.06839032527105922,2.2378786680953207e-5
2.0,6.0,0.40729065323780667,84.0,1.0,0.06922435362802336,2.402392810196102e-5
5.0,15.0,0.513041844778164,85.0,1.0,0.07005838198498748,2.5767514382780737e-5
5.0,16.0,0.8031902312847755,86.0,1.0,0.07089241034195162,2.7614107547847137e-5
5.0,17.0,0.7588503204484086,87.0,1.0,0.07172643869891576,2.9568419569007062e-5
7.0,9.0,0.9528123811209149,88.0,1.0,0.0725604670558799,3.1635315219204916e-5
6.0,13.0,0.7191363957968127,89.0,1.0,0.07339449541284404,3.381981493522237e-5
4.0,6.0,0.4400681287724896,90.0,1.0,0.07422852376980818,3.612709768895919e-5
3.0,15.0,0.3458207674343292,91.0,1.0,0.0750625521267723,3.856250386675077e-5
1.0,10.0,0.3562815142584563,92.0,1.0,0.07589658048373644,4.113153815621678e-5
5.0,18.0,0.4924065439817806,93.0,1.0,0.07673060884070058,4.3839872440136267e-5
4.0,7.0,0.3838264586354533,94.0,1.0,0.07756463719766472,4.669334869685236e-5
6.0,14.0,0.6008688329412866,95.0,1.0,0.07839866555462886,4.9697981906707495e-5
3.0,16.0,0.3904064189711065,96.0,1.0,0.07923269391159299,5.285996296401171e-5
3.0,17.0,0.5479038499738837,97.0,1.0,0.08006672226855713,5.618566159405435e-5
8.0,9.0,0.8881548349416889,98.0,1.0,0.08090075062552127,5.9681629274667124e-5
1.0,11.0,0.01924334030460477,99.0,1.0,0.0817347789824854,6.335460216184794e-5
7.0,10.0,0.8036018939195944,100.0,1.0,0.08256880733944955,6.721150401896521e-5
5.0,19.0,0.6322822998444305,101.0,1.0,0.08340283569641367,7.125944914905241e-5
6.0,15.0,0.6154740883461023,102.0,1.0,0.08423686405337781,7.550574532971733e-5
6.0,16.0,0.7874667273524573,103.0,1.0,0.08507089241034195,7.995789675018461e-5
6.0,17.0,0.693657693328647,104.0,1.0,0.08590492076730609,8.462360694999445e-5
2.0,7.0,0.27939215713327936,105.0,1.0,0.08673894912427023,8.951078175888561e-5
8.0,10.0,0.888741989960124,106.0,1.0,0.08757297748123437,9.462753223739084e-5
8.0,11.0,0.9299841431094921,107.0,1.0,0.0884070058381985,9.99821776176728e-5
6.0,18.0,0.5929855002814565,108.0,1.0,0.08924103419516263,0.00010558324824413771
6.0,19.0,0.47856222833573675,109.0,1.0,0.09007506255212677,0.00011143948851335968
2.0,8.0,0.11606053599242216,110.0,1.0,0.09090909090909091,0.00011755985981285286
0.0,9.0,0.19902374143845994,111.0,1.0,0.09174311926605505,0.0001239535434582349
5.0,20.0,0.5959398012693419,112.0,1.0,0.09257714762301918,0.00013062994362831977
6.0,20.0,0.8169610957252644,113.0,1.0,0.09341117597998332,0.00013759869029769233
1.0,12.0,0.12429449781479616,114.0,1.0,0.09424520433694746,0.00014486964216630166
8.0,12.0,0.9158634729050138,115.0,1.0,0.0950792326939116,0.00015245288958563326
8.0,13.0,0.9824787890430262,116.0,1.0,0.09591326105087573,0.000160358757481005
8.0,14.0,0.980725077239887,117.0,1.0,0.09674728940783987,0.00016859780826954614
1.0,13.0,0.09489781506485584,118.0,1.0,0.097581317764804,0.0001771808447734136
1.0,14.0,0.1498773996794287,119.0,1.0,0.09841534612176814,0.00018611891312780195
2.0,9.0,0.4997772799888724,120.0,1.0,0.09924937447873228,0.00019542330568332342
5.0,21.0,0.719750108132441,121.0,1.0,0.10008340283569642,0.00020510556390229316
7.0,11.0,0.37849880377220674,122.0,1.0,0.10091743119266056,0.0002151774812485242
6.0,21.0,0.78023561773018,123.0,1.0,0.10175145954962468,0.00022565110607016258
8.0,15.0,0.8608017951919026,124.0,1.0,0.10258548790658882,0.00023653874447516834
2.0,10.0,0.13001850804876827,125.0,1.0,0.10341951626355296,0.0002478529631989832
4.0,8.0,0.43672324527688045,126.0,1.0,0.1042535446205171,0.00025960659246399405
0.0,10.0,0.23741607842750378,127.0,1.0,0.10508757297748124,0.0002718127288303402
5.0,22.0,0.6381232212054351,128.0,1.0,0.10592160133444536,0.00028448473803766527
3.0,18.0,0.374501140196071,129.0,1.0,0.1067556296914095,0.0002976362578373923
4.0,9.0,0.7328883567890462,130.0,1.0,0.10758965804837364,0.0003112812008151014
5.0,23.0,0.35115060698628325,131.0,1.0,0.10842368640533778,0.0003254337572026026
1.0,15.0,0.41182297379521426,132.0,1.0,0.10925771476230192,0.00034010839767929617
8.0,16.0,0.9119674641245415,133.0,1.0,0.11009174311926606,0.000355319876162409
0.0,11.0,0.04314852167352606,134.0,1.0,0.11092577147623019,0.0003710832325857007
1.0,16.0,0.17576028155071252,135.0,1.0,0.11175979983319433,0.0003874137956662474
6.0,22.0,0.8639322936920113,136.0,1.0,0.11259382819015847,0.0004043271856588875
2.0,11.0,0.2789698991526352,137.0,1.0,0.1134278565471226,0.000421839317097941
1.0,17.0,0.34823390972574947,138.0,1.0,0.11426188490408674,0.0004399664015258072
3.0,19.0,0.37900747462586704,139.0,1.0,0.11509591326105087,0.00045872495020804656
4.0,10.0,0.4215488882411727,140.0,1.0,0.11592994161801501,0.00047813177683455027
0.0,12.0,0.04355727548258231,141.0,1.0,0.11676396997497915,0.0004982040002064151
8.0,17.0,0.9006099032466054,142.0,1.0,0.11759799833194329,0.0005189590469081482
8.0,18.0,0.9917252137887731,143.0,1.0,0.11843202668890743,0.0005404146539647819
6.0,23.0,0.7720428368741723,144.0,1.0,0.11926605504587157,0.0005625888714835679
3.0,20.0,0.14440346698056214,145.0,1.0,0.12010008340283569,0.0005855000652798275
4.0,11.0,0.6637899299775238,146.0,1.0,0.12093411175979983,0.000609166919486617
8.0,19.0,0.8989373533518094,147.0,1.0,0.12176814011676397,0.0006336084391477887
1.0,18.0,0.0843483673471304,148.0,1.0,0.12260216847372811,0.0006588439527941441
7.0,12.0,0.7267471244796992,149.0,1.0,0.12343619683069225,0.0006848931150022342
3.0,21.0,0.5121112197468031,150.0,1.0,0.12427022518765637,0.0007117759089354974
6.0,24.0,0.5301802977347784,151.0,1.0,0.12510425354462051,0.0007395126488673335
3.0,22.0,0.3975050277350582,152.0,1.0,0.12593828190158465,0.0007681239826857895
5.0,24.0,0.6069631049886732,153.0,1.0,0.1267723102585488,0.0007976308943794463
7.0,13.0,0.6720224257323535,154.0,1.0,0.12760633861551293,0.0008280547065041984
4.0,12.0,0.6719152786493167,155.0,1.0,0.12844036697247707,0.0008594170826305472
8.0,20.0,0.9255325277545481,156.0,1.0,0.1292743953294412,0.000891740029771052
7.0,14.0,0.8101137238022478,157.0,1.0,0.13010842368640535,0.0009250459007875995
4.0,13.0,0.2932387713364332,158.0,1.0,0.13094245204336946,0.0009593573967781362
4.0,14.0,0.5268295251401455,159.0,1.0,0.1317764804003336,0.0009946975694425317
3.0,23.0,0.640778431948254,160.0,1.0,0.13261050875729774,0.0010310898234272069
3.0,24.0,0.36740972220992696,161.0,1.0,0.13344453711426188,0.0010685579186481963
3.0,25.0,0.40447075876456456,162.0,1.0,0.13427856547122602,0.001107125972592337
7.0,15.0,0.7231713261681535,163.0,1.0,0.13511259382819016,0.0011468184625961846
5.0,25.0,0.5637085155453939,164.0,1.0,0.1359466221851543,0.0011876602281023663
0.0,13.0,0.2307320002625322,165.0,1.0,0.13678065054211844,0.0012296764728930523
0.0,14.0,0.07908631527333015,166.0,1.0,0.13761467889908258,0.0012728927673001896
3.0,26.0,0.6592975436682216,167.0,1.0,0.13844870725604672,0.0013173350503921303
0.0,15.0,0.12180936112850921,168.0,1.0,0.13928273561301086,0.0013630296321364636
1.0,19.0,0.23128650545425183,169.0,1.0,0.14011676396997497,0.0014100031955385692
0.0,16.0,0.012378619557264702,170.0,1.0,0.1409507923269391,0.0014582827987556894
6.0,25.0,0.5465444039271253,171.0,1.0,0.14178482068390325,0.0015078958771861364
8.0,21.0,0.8619583224650905,172.0,1.0,0.14261884904086738,0.0015588702455333642
0.0,17.0,0.052267956673030115,173.0,1.0,0.14345287739783152,0.0016112340998445612
6.0,26.0,0.9672383837502299,174.0,1.0,0.14428690575479566,0.001665016019523487
5.0,26.0,0.5553301992070462,175.0,1.0,0.1451209341117598,0.0017202449693171755
6.0,27.0,0.8446525413279047,176.0,1.0,0.14595496246872394,0.001776950301276315
7.0,16.0,0.8074622323055557,177.0,1.0,0.14678899082568808,0.0018351617566888766
8.0,22.0,0.9792830375922924,178.0,1.0,0.14762301918265222,0.0018949094679868031
3.0,27.0,0.23904605569561702,179.0,1.0,0.14845704753961636,0.001956223960625342
1.0,20.0,0.05000645979094788,180.0,1.0,0.14929107589658047,0.0020191361549348735
2.0,12.0,0.27366845565059306,181.0,1.0,0.1501251042535446,0.0020836773679448126
4.0,15.0,0.5828980471566784,182.0,1.0,0.15095913261050875,0.0021498793151792915
6.0,28.0,0.8830375648887657,183.0,1.0,0.1517931609674729,0.0022177741124245224
5.0,27.0,0.7220193468062839,184.0,1.0,0.15262718932443703,0.002287394277467259
2.0,13.0,0.16950423529623157,185.0,1.0,0.15346121768140117,0.0023587727318043553
8.0,23.0,0.9227645725195898,186.0,1.0,0.1542952460383653,0.0024319428023229124
1.0,21.0,0.07356563686252779,187.0,1.0,0.15512927439532945,0.002506938222950942
0.0,18.0,0.043442808464574004,188.0,1.0,0.1559633027522936,0.0025837931362780618
5.0,28.0,0.5897886075334919,189.0,1.0,0.15679733110925773,0.0026625420951461335
0.0,19.0,0.03344876788250694,190.0,1.0,0.15763135946622187,0.00274322006420943
1.0,22.0,0.06782643417227754,191.0,1.0,0.15846538782318598,0.002825862421464189
1.0,23.0,0.3598424265544033,192.0,1.0,0.15929941618015012,0.002910504959747109
0.0,20.0,0.01620944048958595,193.0,1.0,0.16013344453711426,0.0029971838882027987
6.0,29.0,0.6347926775220071,194.0,1.0,0.1609674728940784,0.0030859358337195653
7.0,17.0,0.8548927028258646,195.0,1.0,0.16180150125104253,0.0031767978423336237
8.0,24.0,0.912855909992114,196.0,1.0,0.16263552960800667,0.0032698073806012194
8.0,25.0,0.8828734592880836,197.0,1.0,0.1634695579649708,0.0033650023369385623
2.0,14.0,0.16822120494392703,198.0,1.0,0.16430358632193495,0.003462421022929202
1.0,24.0,0.08003648815844733,199.0,1.0,0.1651376146788991,0.0035621021745987228
1.0,25.0,0.17683889272938674,200.0,1.0,0.16597164303586323,0.0036640849536563568
5.0,29.0,0.6749866479367523,201.0,1.0,0.16680567139282734,0.0037684089487034743
3.0,28.0,0.5466839311670375,202.0,1.0,0.16763969974979148,0.00387511417640845
5.0,30.0,0.5566167037858964,203.0,1.0,0.16847372810675562,0.003984241082647869
7.0,18.0,0.7433950637097663,204.0,1.0,0.16930775646371976,0.004095830543613838
4.0,16.0,0.6144513866960356,205.0,1.0,0.1701417848206839,0.004209923866886905
2.0,15.0,0.399469416058686,206.0,1.0,0.17097581317764804,0.004326562792474769
3.0,29.0,0.23801074232616642,207.0,1.0,0.17180984153461218,0.004445789493816146
2.0,16.0,0.6267124820490386,208.0,1.0,0.17264386989157632,0.004567646578749815
4.0,17.0,0.6970577312154667,209.0,1.0,0.17347789824854046,0.00469217709044856
2.0,17.0,0.3080909112570559,210.0,1.0,0.1743119266055046,0.004819424508317722
0.0,21.0,0.21213680889631883,211.0,1.0,0.17514595496246874,0.004949432748858165
5.0,31.0,0.5009603719747165,212.0,1.0,0.17597998331943285,0.005082246166493523
7.0,19.0,0.9344572461446272,213.0,1.0,0.176814011676397,0.0052179095543614445
0.0,22.0,0.0537482471989814,214.0,1.0,0.17764804003336113,0.005356468145068455
7.0,20.0,0.8948763664411646,215.0,1.0,0.17848206839032527,0.005497967611408636
0.0,23.0,0.006486828176316609,216.0,1.0,0.1793160967472894,0.005642454067045436
2.0,18.0,0.22594707991455376,217.0,1.0,0.18015012510425354,0.005789974067156817
3.0,30.0,0.3069955895244477,218.0,1.0,0.18098415346121768,0.005940574609043215
6.0,30.0,0.6368575448665565,219.0,1.0,0.18181818181818182,0.0060943031326982896
6.0,31.0,0.876769369613119,220.0,1.0,0.18265221017514596,0.006251207521342206
7.0,21.0,0.45127858018191097,221.0,1.0,0.1834862385321101,0.006411336101917288
2.0,19.0,0.14589131589819831,222.0,1.0,0.18432026688907424,0.006574737645545789
4.0,18.0,0.6589001984946767,223.0,1.0,0.18515429524603835,0.006741461367949625
6.0,32.0,0.6907009690623556,224.0,1.0,0.1859883236030025,0.006911556929831914
1.0,26.0,0.13770835312399474,225.0,1.0,0.18682235195996663,0.007085074437220006
7.0,22.0,0.9122852753752662,226.0,1.0,0.18765638031693077,0.0072620644417699
4.0,19.0,0.7243875664858043,227.0,1.0,0.1884904086738949,0.0074425779410320775
5.0,32.0,0.40942587642386885,228.0,1.0,0.18932443703085905,0.007626666378678042
6.0,33.0,0.7625191595685133,229.0,1.0,0.1901584653878232,0.007814381644687892
6.0,34.0,0.8633928548096995,230.0,1.0,0.19099249374478733,0.008005776075498617
8.0,26.0,0.6670578801275786,231.0,1.0,0.19182652210175147,0.00820090245411266
7.0,23.0,0.9704066415209534,232.0,1.0,0.1926605504587156,0.008399814010167074
5.0,33.0,0.6638299225134705,233.0,1.0,0.19349457881567975,0.008602564419962645
7.0,24.0,0.7142304405773721,234.0,1.0,0.19432860717264386,0.008809207806453008
4.0,20.0,0.682004320765264,235.0,1.0,0.195162635529608,0.009019798739193688
0.0,24.0,0.0442311896895232,236.0,1.0,0.19599666388657214,0.009234392234250776
0.0,25.0,0.21531722815180532,237.0,1.0,0.19683069224353628,0.009453043754069025
4.0,21.0,0.2548934699424427,238.0,1.0,0.19766472060050042,0.009675809207299334
7.0,25.0,0.9252399042081985,239.0,1.0,0.19849874895746455,0.00990274494858536
2.0,20.0,0.4031589675086813,240.0,1.0,0.1993327773144287,0.010133907778309354
7.0,26.0,0.95651177729879,241.0,1.0,0.20016680567139283,0.010369354942296662
7.0,27.0,0.7507334879008213,242.0,1.0,0.20100083402835697,0.010609144131479026
8.0,27.0,0.9906506244518968,243.0,1.0,0.2018348623853211,0.010853333481516524
4.0,22.0,0.6486683637064807,244.0,1.0,0.20266889074228525,0.011101981572378026
6.0,35.0,0.7649790232049293,245.0,1.0,0.20350291909924936,0.011355147427879594
4.0,23.0,0.4063341474583706,246.0,1.0,0.2043369474562135,0.011612890515181598
6.0,36.0,0.6202715553757641,247.0,1.0,0.20517097581317764,0.011875270744243318
0.0,26.0,0.25329293299458433,248.0,1.0,0.20600500417014178,0.0121423484672359
6.0,37.0,0.699405658758003,249.0,1.0,0.20683903252710592,0.012414184477912753
8.0,28.0,0.7695032472286313,250.0,1.0,0.20767306088407006,0.012690840010937704
8.0,29.0,0.8909100925547564,251.0,1.0,0.2085070892410342,0.012972376741170686
7.0,28.0,0.8859826905512473,252.0,1.0,0.20934111759799834,0.01325885678291082
2.0,21.0,0.6186066408069364,253.0,1.0,0.21017514595496248,0.0135503426890966
1.0,27.0,0.2205476633704501,254.0,1.0,0.21100917431192662,0.013846897450463535
3.0,31.0,0.24501106837510656,255.0,1.0,0.21184320266889073,0.014148584494658355
4.0,24.0,0.5860111396048391,256.0,1.0,0.21267723102585487,0.014455467685310685
1.0,28.0,0.14476466481175243,257.0,1.0,0.213511259382819,0.014767611321061044
6.0,38.0,0.6191089120192085,258.0,1.0,0.21434528773978315,0.0150850801345457
8.0,30.0,0.9639464629745572,259.0,1.0,0.2151793160967473,0.015407939291338291
5.0,34.0,0.7612060026191889,260.0,1.0,0.21601334445371143,0.01573625438884766
2.0,22.0,0.2968014674681757,261.0,1.0,0.21684737281067556,0.016070091455172096
1.0,29.0,0.24001838082509566,262.0,1.0,0.2176814011676397,0.01640951694790991
4.0,25.0,0.5535086699169645,263.0,1.0,0.21851542952460384,0.016754597752926474
6.0,39.0,0.593503044969506,264.0,1.0,0.21934945788156798,0.017105401183076543
3.0,32.0,0.41062753604233193,265.0,1.0,0.22018348623853212,0.01746199497688357
4.0,26.0,0.33658892453608974,266.0,1.0,0.22101751459549623,0.01782444729717402
8.0,31.0,0.9940355532462182,267.0,1.0,0.22185154295246037,0.018192826729668172
0.0,27.0,0.033580749252014444,268.0,1.0,0.2226855713094245,0.018567202281526144
8.0,32.0,0.9613763764702695,269.0,1.0,0.22351959966638865,0.018947643379849912
0.0,28.0,0.027318534036691006,270.0,1.0,0.2243536280233528,0.019334219870140595
0.0,29.0,0.010489434450685913,271.0,1.0,0.22518765638031693,0.019727002014711493
6.0,40.0,0.6127539127443431,272.0,1.0,0.22602168473728107,0.020126060491056377
7.0,29.0,0.9125007715062056,273.0,1.0,0.2268557130942452,0.02053146639017286
8.0,33.0,0.9729559122476129,274.0,1.0,0.22768974145120935,0.020943291214841557
2.0,23.0,0.1770059901111994,275.0,1.0,0.2285237698081735,0.021361606877860064
7.0,30.0,0.8605313561504574,276.0,1.0,0.22935779816513763,0.021786485700232047
6.0,41.0,0.6133379186680051,277.0,1.0,0.23019182652210174,0.022218000409311534
2.0,24.0,0.37147120335416084,278.0,1.0,0.23102585487906588,0.02265622413690212
0.0,30.0,0.15278727434507505,279.0,1.0,0.23185988323603002,0.023101230417310912
7.0,31.0,0.877027429347852,280.0,1.0,0.23269391159299416,0.023553093185357952
7.0,32.0,0.9893805872293983,281.0,1.0,0.2335279399499583,0.024011886774339637
5.0,35.0,0.5848788372115064,282.0,1.0,0.23436196830692244,0.024477685913947386
5.0,36.0,0.6104316522353364,283.0,1.0,0.23519599666388658,0.024950565728141066
2.0,25.0,0.5057843685580955,284.0,1.0,0.23603002502085071,0.02543060173297696
3.0,33.0,0.14783095357540424,285.0,1.0,0.23686405337781485,0.025917869834390074
1.0,30.0,0.21278027538171995,286.0,1.0,0.237698081734779,0.026412446325931618
5.0,37.0,0.47267165133962097,287.0,1.0,0.23853211009174313,0.026914407886460393
2.0,26.0,0.12868102347259305,288.0,1.0,0.23936613844870724,0.027423831577789076
3.0,34.0,0.40488159106118476,289.0,1.0,0.24020016680567138,0.027940794842285063
4.0,27.0,0.46816930489067465,290.0,1.0,0.24103419516263552,0.028465375500425258
3.0,35.0,0.11316974176459506,291.0,1.0,0.24186822351959966,0.02899765174830548
8.0,34.0,0.9077269918681072,292.0,1.0,0.2427022518765638,0.029537702155104338
1.0,31.0,0.10289670226531017,293.0,1.0,0.24353628023352794,0.030085605660501728
7.0,33.0,0.7570062906707705,294.0,1.0,0.24437030859049208,0.030641441572050756
3.0,36.0,0.36665001594237434,295.0,1.0,0.24520433694745622,0.031205289562504825
1.0,32.0,0.011502965938283725,296.0,1.0,0.24603836530442036,0.03177722966709838
5.0,38.0,0.6665614172391394,297.0,1.0,0.2468723936613845,0.03235734228078269
5.0,39.0,0.6036000187019499,298.0,1.0,0.24770642201834864,0.03294570815541465
0.0,31.0,0.06801915374228314,299.0,1.0,0.24854045037531275,0.033542408396901244
6.0,42.0,0.7421222689975923,300.0,1.0,0.2493744787322769,0.03414752446229696
6.0,43.0,0.6864165293404548,301.0,1.0,0.25020850708924103,0.03476113815685609
7.0,34.0,0.6869160175367666,302.0,1.0,0.2510425354462052,0.03538333163103922
7.0,35.0,0.6869501327924542,303.0,1.0,0.2518765638031693,0.036014187377473916
4.0,28.0,0.5286162637957084,304.0,1.0,0.2527105921601334,0.036653788227868946
6.0,44.0,0.5567842734059462,305.0,1.0,0.2535446205170976,0.03730221734988386
7.0,36.0,0.8480163435700525,306.0,1.0,0.2543786488740617,0.03795955824395181
2.0,27.0,0.24997545457114168,307.0,1.0,0.25521267723102586,0.038625894740057024
8.0,35.0,0.9104967764367227,308.0,1.0,0.25604670558799,0.03930131099446628
2.0,28.0,0.7058089345645955,309.0,1.0,0.25688073394495414,0.03998589148641521
0.0,32.0,0.10577077328893883,310.0,1.0,0.25771476230191825,0.04067972101474762
7.0,37.0,0.8607778681881582,311.0,1.0,0.2585487906588824,0.04138288469451055
3.0,37.0,0.44026764732843715,312.0,1.0,0.25938281901584653,0.042095467953502386
6.0,45.0,0.7057529673542455,313.0,1.0,0.2602168473728107,0.042817556528776037
2.0,29.0,0.14273827730305522,314.0,1.0,0.2610508757297748,0.043549236463096434
1.0,33.0,0.32514213685938953,315.0,1.0,0.2618849040867389,0.044290594101351256
8.0,36.0,0.9441098217554448,316.0,1.0,0.2627189324437031,0.04504171608691804
4.0,29.0,0.3591778337182424,317.0,1.0,0.2635529608006672,0.04580268935798355
3.0,38.0,0.20884787987316228,318.0,1.0,0.26438698915763137,0.04657360114381942
5.0,40.0,0.6295342326457828,319.0,1.0,0.2652210175145955,0.04735453896101074
7.0,38.0,0.8884978260806994,320.0,1.0,0.26605504587155965,0.04814559060964064
1.0,34.0,0.1554810119928193,321.0,1.0,0.26688907422852376,0.04894684416942768
0.0,33.0,0.1858772796930776,322.0,1.0,0.2677231025854879,0.04975838799581985
8.0,37.0,0.944209510898056,323.0,1.0,0.26855713094245204,0.05058031071604115
3.0,39.0,0.3002313166193727,324.0,1.0,0.2693911592994162,0.051412701225095066
0.0,34.0,0.08482351005678664,325.0,1.0,0.2702251876563803,0.05225564868172045
3.0,40.0,0.589015581439991,326.0,1.0,0.27105921601334443,0.05310924250430388
5.0,41.0,0.44813284891488037,327.0,1.0,0.2718932443703086,0.053973572366746325
2.0,30.0,0.18538391455315115,328.0,1.0,0.2727272727272727,0.05484872819428462
1.0,35.0,0.3902864498541891,329.0,1.0,0.2735613010842369,0.05573480015926789
8.0,38.0,0.9265273419582575,330.0,1.0,0.274395329441201,0.056631878676889416
5.0,42.0,0.5711947605287526,331.0,1.0,0.27522935779816515,0.057540054400872634
1.0,36.0,0.15176045124889137,332.0,1.0,0.27606338615512926,0.058459418219113296
1.0,37.0,0.017536465510055006,333.0,1.0,0.27689741451209343,0.059390061249276725
1.0,38.0,0.060078245436409786,334.0,1.0,0.27773144286905754,0.06033207483434934
0.0,35.0,0.4536129778030118,335.0,1.0,0.2785654712260217,0.06128555053814707
1.0,39.0,0.44638920624407347,336.0,1.0,0.2793994995829858,0.0622505801407778
5.0,43.0,0.5550223220450212,337.0,1.0,0.28023352793994993,0.06322725563406008
2.0,31.0,0.2384265186229696,338.0,1.0,0.2810675562969141,0.06421566921689786
5.0,44.0,0.5870594178863782,339.0,1.0,0.2819015846538782,0.06521591329060922
3.0,41.0,0.15725144828150747,340.0,1.0,0.2827356130108424,0.06622808045421343
0.0,36.0,0.2141398670328185,341.0,1.0,0.2835696413678065,0.06725226349967066
1.0,40.0,0.05499370223267507,342.0,1.0,0.28440366972477066,0.06828855540708127
3.0,42.0,0.19850030226347445,343.0,1.0,0.28523769808173477,0.06933704933983748
0.0,37.0,0.035501216152178994,344.0,1.0,0.28607172643869894,0.07039783863973438
1.0,41.0,0.2898051274862869,345.0,1.0,0.28690575479566305,0.07147101682203454
4.0,30.0,0.3210162414533274,346.0,1.0,0.2877397831526272,0.07255667757049132
3.0,43.0,0.42707612666789174,347.0,1.0,0.2885738115095913,0.0736549147323258
5.0,45.0,0.6151830260762187,348.0,1.0,0.28940783986655544,0.07476582231316328
0.0,38.0,0.057230362271697414,349.0,1.0,0.2902418682235196,0.07588949447192475
4.0,31.0,0.3897271379119738,350.0,1.0,0.2910758965804837,0.0770260255156743
8.0,39.0,0.5919682395590514,351.0,1.0,0.2919099249374479,0.07817550989442554
5.0,46.0,0.5485771011412162,352.0,1.0,0.292743953294412,0.07933804219590318
8.0,40.0,0.8811663062956965,353.0,1.0,0.29357798165137616,0.08051371714026288
2.0,32.0,0.43152143934448767,354.0,1.0,0.2944120100083403,0.08170262957476734
2.0,33.0,0.22226995438732547,355.0,1.0,0.29524603836530444,0.08290487446842025
4.0,32.0,0.4137218217370082,356.0,1.0,0.29608006672226855,0.08412054690655775
4.0,33.0,0.4418407154323093,357.0,1.0,0.2969140950792327,0.0853497420853976
8.0,41.0,0.9583870132026961,358.0,1.0,0.29774812343619683,0.08659255530654461
5.0,47.0,0.7064447554528893,359.0,1.0,0.29858215179316094,0.08784908197145665
4.0,34.0,0.3948879113481344,360.0,1.0,0.2994161801501251,0.08911941757586593
3.0,44.0,0.26007438912919917,361.0,1.0,0.3002502085070892,0.09040365770415972
7.0,39.0,0.900913645366896,362.0,1.0,0.3010842368640534,0.09170189802371899
8.0,42.0,0.9554955252391125,363.0,1.0,0.3019182652210175,0.09301423427921549
7.0,40.0,0.7344347893287638,364.0,1.0,0.30275229357798167,0.0943407622868683
4.0,35.0,0.6209650265893288,365.0,1.0,0.3035863219349458,0.0956815779286564
2.0,34.0,0.34918225498959454,366.0,1.0,0.30442035029190995,0.09703677714649245
6.0,46.0,0.7952939008662441,367.0,1.0,0.30525437864887406,0.09840645593635561
8.0,43.0,0.9358425194817088,368.0,1.0,0.3060884070058382,0.0997907103423818
5.0,48.0,0.7345389187924405,369.0,1.0,0.30692243536280234,0.10118963645091397
5.0,49.0,0.5316306970780225,370.0,1.0,0.30775646371976645,0.10260333038451284
0.0,39.0,0.07218524843803875,371.0,1.0,0.3085904920767306,0.104031888295925
1.0,42.0,0.2647052368151928,372.0,1.0,0.3094245204336947,0.10547540636201325
4.0,36.0,0.5868021897709428,373.0,1.0,0.3102585487906589,0.10693398077764524
7.0,41.0,0.9226434166111721,374.0,1.0,0.311092577147623,0.10840770774954166
8.0,44.0,0.7182649504377847,375.0,1.0,0.3119266055045872,0.10989668349008759
7.0,42.0,0.8009032675339116,376.0,1.0,0.3127606338615513,0.11140100421110026
6.0,47.0,0.6603924036064708,377.0,1.0,0.31359466221851545,0.11292076611756048
0.0,40.0,0.3184563825442298,378.0,1.0,0.31442869057547956,0.11445606540130317
4.0,37.0,0.46493804939650607,379.0,1.0,0.31526271893244373,0.11600699823466971
2.0,35.0,0.320066110143794,380.0,1.0,0.31609674728940784,0.1175736607641215
6.0,48.0,0.41157203175301016,381.0,1.0,0.31693077564637195,0.11915614910381313
4.0,38.0,0.5311969063559373,382.0,1.0,0.3177648040033361,0.12075455932912996
3.0,45.0,0.6510175587046346,383.0,1.0,0.31859883236030023,0.12236898747018381
3.0,46.0,0.3285078517634125,384.0,1.0,0.3194328607172644,0.12399952950527444
6.0,49.0,0.6326043816891224,385.0,1.0,0.3202668890742285,0.1256462813543095
8.0,45.0,0.9105799294304955,386.0,1.0,0.3211009174311927,0.12730933887218868
5.0,50.0,0.5396868809483432,387.0,1.0,0.3219349457881568,0.12898879784215025
6.0,50.0,0.6237801203267145,388.0,1.0,0.32276897414512096,0.13068475396907966
4.0,39.0,0.12813653386084017,389.0,1.0,0.32360300250208507,0.13239730287278115
5.0,51.0,0.7097261404956311,390.0,1.0,0.3244370308590492,0.13412654008121244
0.0,41.0,0.10577214205293847,391.0,1.0,0.32527105921601335,0.13587256102368345
2.0,36.0,0.4958107687467495,392.0,1.0,0.32610508757297746,0.13763546102401553
0.0,42.0,0.09128893449521791,393.0,1.0,0.3269391159299416,0.13941533529367003
2.0,37.0,0.22779031554287887,394.0,1.0,0.32777314428690574,0.14121227892483407
0.0,43.0,0.11657299933963676,395.0,1.0,0.3286071726438699,0.14302638688347524
3.0,47.0,0.49202429037568207,396.0,1.0,0.329441201000834,0.14485775400235867
6.0,51.0,0.603755828444967,397.0,1.0,0.3302752293577982,0.14670647497403
8.0,46.0,0.8147139423587174,398.0,1.0,0.3311092577147623,0.1485726443437592
6.0,52.0,0.5402578203132662,399.0,1.0,0.33194328607172646,0.15045635650245603
8.0,47.0,0.8695144608153201,400.0,1.0,0.3327773144286906,0.15235770567954438
3.0,48.0,0.2869916213577783,401.0,1.0,0.3336113427856547,0.15427678593580532
7.0,43.0,0.7424090904458105,402.0,1.0,0.33444537114261885,0.15621369115618647
2.0,38.0,0.5398299746204542,403.0,1.0,0.33527939949958296,0.15816851504257304
3.0,49.0,0.5201215945258953,404.0,1.0,0.33611342785654713,0.16014135110653108
7.0,44.0,0.6700292917734041,405.0,1.0,0.33694745621351124,0.16213229266201173
0.0,44.0,0.05144361915335989,406.0,1.0,0.3377814845704754,0.1641414328180259
2.0,39.0,0.23384267754750745,407.0,1.0,0.3386155129274395,0.16616886447128368
3.0,50.0,0.22205317628107618,408.0,1.0,0.3394495412844037,0.16821468029880177
7.0,45.0,0.8018845960661728,409.0,1.0,0.3402835696413678,0.17027897275047674
8.0,48.0,0.9348537429365361,410.0,1.0,0.34111759799833197,0.17236183404162927
3.0,51.0,0.6897171323796686,411.0,1.0,0.3419516263552961,0.17446335614551273
3.0,52.0,0.1829532075541741,412.0,1.0,0.3427856547122602,0.17658363078579195
4.0,40.0,0.2979369419617487,413.0,1.0,0.34361968306922436,0.1787227494289901
4.0,41.0,0.5353162559469006,414.0,1.0,0.34445371142618847,0.18088080327690215
2.0,40.0,0.5525592056600122,415.0,1.0,0.34528773978315264,0.18305788325898179
7.0,46.0,0.8650016766477311,416.0,1.0,0.34612176814011675,0.18525408002469218
7.0,47.0,0.6899887848409869,417.0,1.0,0.3469557964970809,0.1874694839358312
7.0,48.0,0.8387068338195441,418.0,1.0,0.347789824854045,0.1897041850588212
2.0,41.0,0.20803886211638656,419.0,1.0,0.3486238532110092,0.1919582731569748
7.0,49.0,0.6218460178052312,420.0,1.0,0.3494578815679733,0.19423183768272342
6.0,53.0,0.43849991333577404,421.0,1.0,0.3502919099249375,0.19652496776982548
4.0,42.0,0.11873638587771324,422.0,1.0,0.3511259382819016,0.19883775222553654
8.0,49.0,0.9373045255908016,423.0,1.0,0.3519599666388657,0.20117027952275704
8.0,50.0,0.9277200018258573,424.0,1.0,0.35279399499582986,0.20352263779214844
3.0,53.0,0.4923518533771345,425.0,1.0,0.353628023352794,0.20589491481422023
1.0,43.0,0.08803305097243999,426.0,1.0,0.35446205170975814,0.20828719801139195
4.0,43.0,0.759389631119376,427.0,1.0,0.35529608006672225,0.21069957444002532
6.0,54.0,0.6161269194348687,428.0,1.0,0.3561301084236864,0.2131321307824296
4.0,44.0,0.357694714939643,429.0,1.0,0.35696413678065053,0.21558495333883868
4.0,45.0,0.4074087742734393,430.0,1.0,0.3577981651376147,0.21805812801936295
2.0,42.0,0.2149001677049545,431.0,1.0,0.3586321934945788,0.22055174033591454
4.0,46.0,0.5773636658441772,432.0,1.0,0.359466221851543,0.22306587539410477
0.0,45.0,0.03394467489750159,433.0,1.0,0.3603002502085071,0.22560061788511657
4.0,47.0,0.6722079748174457,434.0,1.0,0.3611342785654712,0.22815605207755266
6.0,55.0,0.7825034172456667,435.0,1.0,0.36196830692243537,0.23073226180925532
8.0,51.0,0.8631478218964059,436.0,1.0,0.3628023352793995,0.23332933047910412
7.0,50.0,0.6908912171020034,437.0,1.0,0.36363636363636365,0.23594734103878823
2.0,43.0,0.4435067755157029,438.0,1.0,0.36447039199332776,0.2385863759845515
1.0,44.0,0.30772902855738243,439.0,1.0,0.3653044203502919,0.24124651734891941
2.0,44.0,0.22573078407598057,440.0,1.0,0.36613844870725604,0.2439278466923951
7.0,51.0,0.7432879165685345,441.0,1.0,0.3669724770642202,0.24663044509514023
4.0,48.0,0.3927836132043344,442.0,1.0,0.3678065054211843,0.24935439314862257
3.0,54.0,0.4717757297334963,443.0,1.0,0.3686405337781485,0.2520997709472521
3.0,55.0,0.4078730396366508,444.0,1.0,0.3694745621351126,0.2548666580799856
1.0,45.0,0.2695982472592609,445.0,1.0,0.3703085904920767,0.25765513362191284
5.0,52.0,0.8408516283322947,446.0,1.0,0.3711426188490409,0.26046527612582515
4.0,49.0,0.5571760972156385,447.0,1.0,0.371976647206005,0.263297163613751
4.0,50.0,0.7120060148615734,448.0,1.0,0.37281067556296915,0.26615087356848455
6.0,56.0,0.8452090126129633,449.0,1.0,0.37364470391993326,0.2690264829250833
1.0,46.0,0.2575066686596756,450.0,1.0,0.37447873227689743,0.27192406806234987
6.0,57.0,0.6438810725052965,451.0,1.0,0.37531276063386154,0.2748437047942937
8.0,52.0,0.9597901707105003,452.0,1.0,0.3761467889908257,0.2777854683615699
6.0,58.0,0.8460174731584094,453.0,1.0,0.3769808173477898,0.2807494334229033
6.0,59.0,0.7651988658944036,454.0,1.0,0.377814845704754,0.28373567404649136
1.0,47.0,0.17845144789011688,455.0,1.0,0.3786488740617181,0.2867442637013858
4.0,51.0,0.332796067797734,456.0,1.0,0.3794829024186822,0.28977527524886176
6.0,60.0,0.8415840731146729,457.0,1.0,0.3803169307756464,0.292828780933765
0.0,46.0,0.1543142690210718,458.0,1.0,0.3811509591326105,0.29590485237584163
7.0,52.0,0.8080457277581838,459.0,1.0,0.38198498748957466,0.299003560561053
0.0,47.0,0.0050340787247253735,460.0,1.0,0.38281901584653877,0.30212497583287123
3.0,56.0,0.15772642917588123,461.0,1.0,0.38365304420350294,0.3052691678835622
6.0,61.0,0.8213948582877755,462.0,1.0,0.38448707256046705,0.3084362057454462
6.0,62.0,0.5507036635394861,463.0,1.0,0.3853211009174312,0.3116261577821488
1.0,48.0,0.0923869718326034,464.0,1.0,0.3861551292743953,0.3148390916798359
8.0,53.0,0.7804968951197955,465.0,1.0,0.3869891576313595,0.318075074438429
8.0,54.0,0.972782045691347,466.0,1.0,0.3878231859883236,0.321334172362812
5.0,53.0,0.7470711640430604,467.0,1.0,0.3886572143452877,0.3246164510540193
2.0,45.0,0.29405954762945685,468.0,1.0,0.3894912427022519,0.3279219754004147
2.0,46.0,0.3574956349311358,469.0,1.0,0.390325271059216,0.33125080956885156
4.0,52.0,0.5101106025490516,470.0,1.0,0.39115929941618016,0.33460301699582495
4.0,53.0,0.4878376512878843,471.0,1.0,0.3919933277731443,0.33797866037860697
0.0,48.0,0.15839387879500605,472.0,1.0,0.39282735613010844,0.3413778016663774
5.0,54.0,0.7379092594718353,473.0,1.0,0.39366138448707255,0.34480050205132917
3.0,57.0,0.5174145902095802,474.0,1.0,0.3944954128440367,0.34824682195977813
4.0,54.0,0.6565061047198015,475.0,1.0,0.39532944120100083,0.35171682104325014
5.0,55.0,0.43749169568898133,476.0,1.0,0.396163469557965,0.355210558169565
3.0,58.0,0.07942211210877086,477.0,1.0,0.3969974979149291,0.358728091413905
7.0,53.0,0.7319631621548177,478.0,1.0,0.3978315262718932,0.36226947804987647
8.0,55.0,0.8778046221413096,479.0,1.0,0.3986655546288574,0.36583477454056285
2.0,47.0,0.24574851658104727,480.0,1.0,0.3994995829858215,0.36942403652956723
5.0,56.0,0.3785642446818529,481.0,1.0,0.40033361134278567,0.3730373188320467
6.0,63.0,0.4809649646844862,482.0,1.0,0.4011676396997498,0.376674675425737
8.0,56.0,0.9081086535143283,483.0,1.0,0.40200166805671395,0.3803361594419769
4.0,55.0,0.8669062826001744,484.0,1.0,0.40283569641367806,0.38402182315671385
5.0,57.0,0.7657612098982132,485.0,1.0,0.4036697247706422,0.387731717981513
6.0,64.0,0.7270716842996288,486.0,1.0,0.40450375312760634,0.3914658944545556
4.0,56.0,0.4721651644477677,487.0,1.0,0.4053377814845705,0.39522440223163086
8.0,57.0,0.8918408520933758,488.0,1.0,0.4061718098415346,0.3990072900771236
1.0,49.0,0.3194947341919161,489.0,1.0,0.4070058381984987,0.4028146058549971
6.0,65.0,0.9091655247208136,490.0,1.0,0.4078398665554629,0.4066463965197742
7.0,54.0,0.9656697133186487,491.0,1.0,0.408673894912427,0.41050270810750267
6.0,66.0,0.7527774999666286,492.0,1.0,0.40950792326939117,0.4143835857267369
1.0,50.0,0.181721008706203,493.0,1.0,0.4103419516263553,0.418289073549496
3.0,59.0,0.33810630615218623,494.0,1.0,0.41117597998331945,0.42221921480223223
6.0,67.0,0.7552122979473929,495.0,1.0,0.41201000834028356,0.426174051756792
3.0,60.0,0.7286308520495884,496.0,1.0,0.41284403669724773,0.4301536257213765
4.0,57.0,0.7529119332047914,497.0,1.0,0.41367806505421184,0.4341579770315007
6.0,68.0,0.6881357909934787,498.0,1.0,0.41451209341117595,0.4381871450409495
1.0,51.0,0.5047724698439819,499.0,1.0,0.4153461217681401,0.4422411681127387
8.0,58.0,0.9633246680462323,500.0,1.0,0.41618015012510423,0.4463200836100683
8.0,59.0,0.9527571301612631,501.0,1.0,0.4170141784820684,0.45042392788728325
1.0,52.0,0.1332120961058969,502.0,1.0,0.4178482068390325,0.4545527362808316
3.0,61.0,0.7123078456156219,503.0,1.0,0.4186822351959967,0.45870654310022435
5.0,58.0,0.48343506398440383,504.0,1.0,0.4195162635529608,0.4628853816189972
1.0,53.0,0.27361065555929287,505.0,1.0,0.42035029190992496,0.46708928406567835
0.0,49.0,0.11390947432696906,506.0,1.0,0.42118432026688907,0.4713182816147519
8.0,60.0,0.8503088163893711,507.0,1.0,0.42201834862385323,0.47557240437762904
6.0,69.0,0.6259491600011162,508.0,1.0,0.42285237698081735,0.47985168139362633
4.0,58.0,0.6384482059172606,509.0,1.0,0.42368640533778146,0.4841561406209392
0.0,50.0,0.005725696501153252,510.0,1.0,0.4245204336947456,0.4884858089276312
7.0,55.0,0.968053673310911,511.0,1.0,0.42535446205170974,0.4928407120826185
0.0,51.0,0.012053522398852217,512.0,1.0,0.4261884904086739,0.49722087474666693
2.0,48.0,0.11047042456953628,513.0,1.0,0.427022518765638,0.5016263204633918
0.0,52.0,0.05586125359255981,514.0,1.0,0.4278565471226022,0.506057071650267
2.0,49.0,0.39656651425031536,515.0,1.0,0.4286905754795663,0.5105131495896402
2.0,50.0,0.33494655748874613,516.0,1.0,0.42952460383653046,0.5149945744197524
4.0,59.0,0.61821628893138,517.0,1.0,0.4303586321934946,0.5195013651257738
1.0,54.0,0.1768949910337169,518.0,1.0,0.43119266055045874,0.5240335395308422
8.0,61.0,0.9959779662397327,519.0,1.0,0.43202668890742285,0.5285911142871077
6.0,70.0,0.4899045354551067,520.0,1.0,0.43286071726438696,0.5331741048668008
0.0,53.0,0.15542930291467577,521.0,1.0,0.43369474562135113,0.5377825255532935
7.0,56.0,0.9443345038492911,522.0,1.0,0.43452877397831524,0.5424163894321833
0.0,54.0,0.0042165135165125375,523.0,1.0,0.4353628023352794,0.5470757083823858
0.0,55.0,0.05960327866468497,524.0,1.0,0.4361968306922435,0.5517604930672338
2.0,51.0,0.5535540385234049,525.0,1.0,0.4370308590492077,0.5564707529255999
4.0,60.0,0.38538841476291474,526.0,1.0,0.4378648874061718,0.5612064961630198
0.0,56.0,0.3792346759030834,527.0,1.0,0.43869891576313597,0.5659677297428367
4.0,61.0,0.5402947473566009,528.0,1.0,0.4395329441201001,0.5707544593773579
0.0,57.0,0.05930044829977659,529.0,1.0,0.44036697247706424,0.5755666895190261
7.0,57.0,0.8453764770210042,530.0,1.0,0.44120100083402836,0.580404423351604
8.0,62.0,0.8470705510756954,531.0,1.0,0.44203502919099247,0.5852676627813783
2.0,52.0,0.6745617848421795,532.0,1.0,0.44286905754795663,0.5901564084283757
1.0,55.0,0.0263334206856471,533.0,1.0,0.44370308590492075,0.5950706596175958
2.0,53.0,0.24729332289738098,534.0,1.0,0.4445371142618849,0.6000104143702689
3.0,62.0,0.8317788810796337,535.0,1.0,0.445371142618849,0.6049756693951183
2.0,54.0,0.24788382240438772,536.0,1.0,0.4462051709758132,0.6099664200796533
1.0,56.0,0.07550071383317336,537.0,1.0,0.4470391993327773,0.6149826604814745
3.0,63.0,0.6544931548338611,538.0,1.0,0.44787322768974147,0.6200243833195984
3.0,64.0,0.5463019905913753,539.0,1.0,0.4487072560467056,0.6250915799658087
7.0,58.0,0.6657223937810515,540.0,1.0,0.44954128440366975,0.6301842404360191
1.0,57.0,0.12263854460881643,541.0,1.0,0.45037531276063386,0.6353023533816575
8.0,63.0,0.9573061054653318,542.0,1.0,0.451209341117598,0.6404459060810891
3.0,65.0,0.37299349673765864,543.0,1.0,0.45204336947456214,0.6456148844310337
4.0,62.0,0.5433480729924168,544.0,1.0,0.45287739783152625,0.6508092729380284
7.0,59.0,0.7566396037961985,545.0,1.0,0.4537114261884904,0.6560290547099066
5.0,59.0,0.6537000118014302,546.0,1.0,0.45454545454545453,0.6612742114472967
6.0,71.0,0.7065839402623457,547.0,1.0,0.4553794829024187,0.6665447234351519
4.0,63.0,0.6961162660438153,548.0,1.0,0.4562135112593828,0.6718405695342978
2.0,55.0,0.36578203809529075,549.0,1.0,0.457047539616347,0.6771617271730191
1.0,58.0,0.043774131744893724,550.0,1.0,0.4578815679733111,0.6825081723386538
5.0,60.0,0.387069209475653,551.0,1.0,0.45871559633027525,0.6878798795692318
4.0,64.0,0.47860268581677573,552.0,1.0,0.45954962468723937,0.6932768219451289
6.0,72.0,0.5422715878287963,553.0,1.0,0.4603836530442035,0.6986989710807546
4.0,65.0,0.288756889749676,554.0,1.0,0.46121768140116765,0.70414629711627
8.0,64.0,0.7180734019502772,555.0,1.0,0.46205170975813176,0.7096187687093286
7.0,60.0,0.8102678040592605,556.0,1.0,0.4628857381150959,0.7151163530268536
8.0,65.0,0.891226529280545,557.0,1.0,0.46371976647206004,0.7206390157368417
0.0,58.0,0.025097137851322334,558.0,1.0,0.4645537948290242,0.7261867210001999
5.0,61.0,0.2114530359382534,559.0,1.0,0.4653878231859883,0.7317594314626129
4.0,66.0,0.5092677469651192,560.0,1.0,0.4662218515429525,0.7373571082464441
5.0,62.0,0.5684929149867297,561.0,1.0,0.4670558798999166,0.7429797109426647
0.0,59.0,0.011931141818494757,562.0,1.0,0.46788990825688076,0.7486271976028268
2.0,56.0,0.28460755638184193,563.0,1.0,0.46872393661384487,0.754299524731058
7.0,61.0,0.8302860374319,564.0,1.0,0.469557964970809,0.7599966472761016
1.0,59.0,0.1468092336319963,565.0,1.0,0.47039199332777315,0.7657185186233851
4.0,67.0,0.6718721488538607,566.0,1.0,0.47122602168473726,0.7714650905871245
7.0,62.0,0.7389452929821911,567.0,1.0,0.47206005004170143,0.7772363134024749
1.0,60.0,0.05522358997803757,568.0,1.0,0.47289407839866554,0.783032135717703
2.0,57.0,0.20550306799657447,569.0,1.0,0.4737281067556297,0.7888525045864115
6.0,73.0,0.8384577274317462,570.0,1.0,0.4745621351125938,0.794697365459792
3.0,66.0,0.4266449075259015,571.0,1.0,0.475396163469558,0.8005666621789266
1.0,61.0,0.2251902575984174,572.0,1.0,0.4762301918265221,0.8064603369671174
3.0,67.0,0.272253032489292,573.0,1.0,0.47706422018348627,0.8123783304222704
3.0,68.0,0.4021893555652981,574.0,1.0,0.4778982485404504,0.8183205815093063
3.0,69.0,0.23558382575913633,575.0,1.0,0.4787322768974145,0.824287027552622
8.0,66.0,0.9231811768478098,576.0,1.0,0.47956630525437866,0.8302776042285938
2.0,58.0,0.4341428767370749,577.0,1.0,0.48040033361134277,0.8362922455581222
2.0,59.0,0.20064926637622413,578.0,1.0,0.48123436196830693,0.8423308838992161
1.0,62.0,0.08769281564489655,579.0,1.0,0.48206839032527105,0.8483934499396302
6.0,74.0,0.8586486862013514,580.0,1.0,0.4829024186822352,0.8544798726895408
3.0,70.0,0.553143371512602,581.0,1.0,0.4837364470391993,0.8605900794742689
2.0,60.0,0.15229186056762015,582.0,1.0,0.4845704753961635,0.8667239959270439
0.0,60.0,0.08247073545352121,583.0,1.0,0.4854045037531276,0.8728815459818369
6.0,75.0,0.8098837101864794,584.0,1.0,0.48623853211009177,0.8790626518662044
5.0,63.0,0.495828888223649,585.0,1.0,0.4870725604670559,0.8852672340942114
0.0,61.0,0.21268362660473802,586.0,1.0,0.48790658882402,0.8914952114593951
3.0,71.0,0.32634629107204033,587.0,1.0,0.48874061718098416,0.897746501027768
1.0,63.0,0.021564822592587442,588.0,1.0,0.48957464553794827,0.9040210181308824
7.0,63.0,0.7135770625199443,589.0,1.0,0.49040867389491244,0.9103186763589476
2.0,61.0,0.5029577075089815,590.0,1.0,0.49124270225187655,0.9166393875539837
5.0,64.0,0.5132612068056629,591.0,1.0,0.4920767306088407,0.922983061803049
6.0,76.0,0.7360552283743669,592.0,1.0,0.49291075896580483,0.9293496074314981
4.0,68.0,0.4116654963522334,593.0,1.0,0.493744787322769,0.9357389309963153
1.0,64.0,0.27006758645904255,594.0,1.0,0.4945788156797331,0.9421509372794837
1.0,65.0,0.13621681786843504,595.0,1.0,0.4954128440366973,0.9485855292814226
6.0,77.0,0.8009521418370823,596.0,1.0,0.4962468723936614,0.9550426082144737
2.0,62.0,0.2475916158678747,597.0,1.0,0.4970809007506255,0.9615220734964454
1.0,66.0,0.13635734503968847,598.0,1.0,0.49791492910758967,0.968023822744218
8.0,67.0,0.9627994600003932,599.0,1.0,0.4987489574645538,0.9745477517673968
0.0,62.0,0.0809128275702448,600.0,1.0,0.49958298582151794,0.9810937545620392
2.0,63.0,0.1957124929896608,601.0,1.0,0.5004170141784821,0.987661723304424
8.0,68.0,0.9604185138150846,602.0,1.0,0.5012510425354462,0.9942515483448963
4.0,69.0,0.6526744808988864,603.0,1.0,0.5020850708924104,1.0008631182017607
3.0,72.0,0.37892451264223337,604.0,1.0,0.5029190992493745,1.0074963195552422
3.0,73.0,0.41202184207972165,605.0,1.0,0.5037531276063386,1.014151037241508
0.0,63.0,0.004087173215736299,606.0,1.0,0.5045871559633027,1.0208271542467573
3.0,74.0,0.4894701675148642,607.0,1.0,0.5054211843202668,1.0275245517013618
7.0,64.0,0.8004858854425847,608.0,1.0,0.5062552126772311,1.0342431088740842
4.0,70.0,0.30871965326608636,609.0,1.0,0.5070892410341952,1.0409827031663503
0.0,64.0,0.3237443705296239,610.0,1.0,0.5079232693911593,1.0477432101066027
7.0,65.0,0.8282798658632476,611.0,1.0,0.5087572977481234,1.0545245033446948
5.0,65.0,0.544776866575764,612.0,1.0,0.5095913261050876,1.0613264546463854
7.0,66.0,0.9658814431339243,613.0,1.0,0.5104253544620517,1.0681489338878718
7.0,67.0,0.8341136913534203,614.0,1.0,0.5112593828190158,1.0749918090504058
5.0,66.0,0.8600785083250994,615.0,1.0,0.51209341117598,1.0818549462149836
6.0,78.0,0.8901337195578859,616.0,1.0,0.5129274395329442,1.0887382095570926
4.0,71.0,0.6120311673826646,617.0,1.0,0.5137614678899083,1.095641461341531
1.0,67.0,0.0655773251791108,618.0,1.0,0.5145954962468724,1.102564561917317
2.0,64.0,0.3502756117660032,619.0,1.0,0.5154295246038365,1.1095073697126487
0.0,65.0,0.005644673882064428,620.0,1.0,0.5162635529608006,1.1164697412299482
8.0,69.0,0.9808626968552315,621.0,1.0,0.5170975813177648,1.1234515310409747
7.0,68.0,0.7527748239253998,622.0,1.0,0.517931609674729,1.1304525917820112
7.0,69.0,0.8278923050922972,623.0,1.0,0.5187656380316931,1.1374727741491424
5.0,67.0,0.6410296022576523,624.0,1.0,0.5195996663886572,1.144511926893584
2.0,65.0,0.3774123675836161,625.0,1.0,0.5204336947456214,1.1515698968171115
6.0,79.0,0.8691391943841793,626.0,1.0,0.5212677231025855,1.1586465287675445
6.0,80.0,0.7891645591336627,627.0,1.0,0.5221017514595496,1.16574166563433
8.0,70.0,0.8628740014653178,628.0,1.0,0.5229357798165137,1.1728551483441985
2.0,66.0,0.32243304031040654,629.0,1.0,0.5237698081734778,1.1799868158568931
2.0,67.0,0.5277845945345047,630.0,1.0,0.5246038365304421,1.1871365051609841
1.0,68.0,0.1409135283888922,631.0,1.0,0.5254378648874062,1.1943040512697656
6.0,81.0,0.6191114446808235,632.0,1.0,0.5262718932443703,1.2014892872172434
6.0,82.0,0.7286331095401354,633.0,1.0,0.5271059216013344,1.208692044054182
0.0,66.0,0.3467663702031849,634.0,1.0,0.5279399499582986,1.2159121508442647
4.0,72.0,0.3802739676883007,635.0,1.0,0.5287739783152627,1.223149434660312
0.0,67.0,0.024464867909338096,636.0,1.0,0.5296080066722268,1.2304037205806069
1.0,69.0,0.3786405233013658,637.0,1.0,0.530442035029191,1.2376748316852924
8.0,71.0,0.8018757897900455,638.0,1.0,0.5312760633861552,1.2449625890528677
4.0,73.0,0.5374296304322503,639.0,1.0,0.5321100917431193,1.2522668117567524
5.0,68.0,0.5326826831865908,640.0,1.0,0.5329441201000834,1.2595873168619685
8.0,72.0,0.9409434538266654,641.0,1.0,0.5337781484570475,1.266923919421883
1.0,70.0,0.19221054273775567,642.0,1.0,0.5346121768140116,1.2742764324750635
2.0,68.0,0.4360294371538443,643.0,1.0,0.5354462051709759,1.281644667042207
1.0,71.0,0.13385653660821828,644.0,1.0,0.53628023352794,1.289028432123176
8.0,73.0,0.9249960548348346,645.0,1.0,0.5371142618849041,1.2964275346941134
3.0,75.0,0.5793800041930598,646.0,1.0,0.5379482902418682,1.3038417797046635
3.0,76.0,0.3399160611251473,647.0,1.0,0.5387823185988324,1.3112709700752778
0.0,68.0,0.01893458310444941,648.0,1.0,0.5396163469557965,1.3187149066946189
8.0,74.0,0.9108444569404349,649.0,1.0,0.5404503753127606,1.3261733884170652
8.0,75.0,0.9711204467985276,650.0,1.0,0.5412844036697247,1.333646212060305
2.0,69.0,0.4014507064450462,651.0,1.0,0.5421184320266889,1.3411331724030338
2.0,70.0,0.1583576174583651,652.0,1.0,0.5429524603836531,1.3486340621827422
4.0,74.0,0.4639654101200192,653.0,1.0,0.5437864887406172,1.3561486720936158
8.0,76.0,0.9770825700008227,654.0,1.0,0.5446205170975813,1.3636767907845233
1.0,72.0,0.14876617820875815,655.0,1.0,0.5454545454545454,1.3712182048571158
8.0,77.0,0.9547020327689807,656.0,1.0,0.5462885738115096,1.3787726988640137
3.0,77.0,0.18182093587352566,657.0,1.0,0.5471226021684737,1.3863400553071088
7.0,70.0,0.848428264860904,658.0,1.0,0.5479566305254379,1.393920054635972
5.0,69.0,0.8343628163994525,659.0,1.0,0.548790658882402,1.4015124752463506
0.0,69.0,0.1517477674505773,660.0,1.0,0.5496246872393661,1.4091170934787827
4.0,75.0,0.4979451585371781,661.0,1.0,0.5504587155963303,1.4167336836173188
7.0,71.0,0.706390635768604,662.0,1.0,0.5512927439532944,1.4243620178883318
8.0,78.0,0.9786039557443341,663.0,1.0,0.5521267723102585,1.4320018664594691
8.0,79.0,0.9887781414749602,664.0,1.0,0.5529608006672226,1.4396529974386738
4.0,76.0,0.35024167015669605,665.0,1.0,0.5537948290241869,1.4473151768733488
8.0,80.0,0.9669190079588007,666.0,1.0,0.554628857381151,1.4549881687496036
1.0,73.0,0.42150359943474175,667.0,1.0,0.5554628857381151,1.4626717349916396
0.0,70.0,0.10271315741953772,668.0,1.0,0.5562969140950792,1.4703656354612196
0.0,71.0,0.0027036057175873094,669.0,1.0,0.5571309424520434,1.4780696279572796
8.0,81.0,0.6943897504098463,670.0,1.0,0.5579649708090075,1.4857834682156132
6.0,83.0,0.733011134899876,671.0,1.0,0.5587989991659716,1.4935069099087257
7.0,72.0,0.6035038908149226,672.0,1.0,0.5596330275229358,1.5012397046457548
3.0,78.0,0.5911349523873091,673.0,1.0,0.5604670558798999,1.50898160197253
3.0,79.0,0.16780627914483048,674.0,1.0,0.5613010842368641,1.5167323493717542
6.0,84.0,0.5063223389712643,675.0,1.0,0.5621351125938282,1.5244916922632814
6.0,85.0,0.7520131897720057,676.0,1.0,0.5629691409507923,1.5322593740045394
8.0,82.0,0.8108577747478108,677.0,1.0,0.5638031693077564,1.5400351358910553
2.0,71.0,0.3582088219323583,678.0,1.0,0.5646371976647206,1.5478187171571063
5.0,70.0,0.6845541460697134,679.0,1.0,0.5654712260216848,1.555609854976496
0.0,72.0,0.05201775180091126,680.0,1.0,0.5663052543786489,1.5634082844634467
4.0,77.0,0.5449630388957551,681.0,1.0,0.567139282735613,1.5712137386736162
7.0,73.0,0.875769540293206,682.0,1.0,0.5679733110925771,1.5790259486052522
4.0,78.0,0.5055855949411064,683.0,1.0,0.5688073394495413,1.5868446432004464
6.0,86.0,0.6451928772910277,684.0,1.0,0.5696413678065054,1.5946695493465366
3.0,80.0,0.12705846947746927,685.0,1.0,0.5704753961634695,1.602500391877636
1.0,74.0,0.31918990022811633,686.0,1.0,0.5713094245204337,1.6103368935762636
1.0,75.0,0.15474298146879045,687.0,1.0,0.5721434528773979,1.6181787751751484
3.0,81.0,0.4308721586608103,688.0,1.0,0.572977481234362,1.6260257553591089
3.0,82.0,0.4500573801496448,689.0,1.0,0.5738115095913261,1.6338775507671222
7.0,74.0,0.7929657338211366,690.0,1.0,0.5746455379482902,1.6417338759944775
3.0,83.0,0.5218709875545404,691.0,1.0,0.5754795663052544,1.6495944435950785
8.0,83.0,0.8177743896511402,692.0,1.0,0.5763135946622185,1.6574589640838893
6.0,87.0,0.7009340232032906,693.0,1.0,0.5771476230191827,1.6653271459395023
4.0,79.0,0.4240053240767413,694.0,1.0,0.5779816513761468,1.6731986956068388
4.0,80.0,0.7264016788841856,695.0,1.0,0.5788156797331109,1.6810733175000114
5.0,71.0,0.533485618328489,696.0,1.0,0.5796497080900751,1.688950714005275
6.0,88.0,0.662898365907555,697.0,1.0,0.5804837364470392,1.6968305854841699
8.0,84.0,0.9636629824980666,698.0,1.0,0.5813177648040033,1.7047126302767726
6.0,89.0,0.7709905404858557,699.0,1.0,0.5821517931609674,1.7125965447050868
7.0,75.0,0.8202160133709596,700.0,1.0,0.5829858215179317,1.7204820230765892
0.0,73.0,0.01449496117957107,701.0,1.0,0.5838198498748958,1.7283687576879037
6.0,90.0,0.5474062291263913,702.0,1.0,0.5846538782318599,1.7362564388286321
8.0,85.0,0.9421416432538068,703.0,1.0,0.585487906588824,1.7441447547853193
3.0,84.0,0.6853792891116036,704.0,1.0,0.5863219349457881,1.7520333918455588
7.0,76.0,0.8444252727113548,705.0,1.0,0.5871559633027523,1.7599220343022561
4.0,81.0,0.5355455722208653,706.0,1.0,0.5879899916597164,1.76781036445803
5.0,72.0,0.5301375666271704,707.0,1.0,0.5888240200166805,1.7756980626297694
1.0,76.0,0.3530609817739843,708.0,1.0,0.5896580483736447,1.783584807153326
0.0,74.0,0.04940215376655354,709.0,1.0,0.5904920767306089,1.7914702743883737
7.0,77.0,0.8298042809976172,710.0,1.0,0.591326105087573,1.7993541387233956
7.0,78.0,0.9183415863713067,711.0,1.0,0.5921601334445371,1.8072360725808516
4.0,82.0,0.3985180535752856,712.0,1.0,0.5929941618015012,1.8151157464224663
4.0,83.0,0.4399449193986262,713.0,1.0,0.5938281901584654,1.8229928287547081
0.0,75.0,0.09501152398074021,714.0,1.0,0.5946622185154296,1.8308669861343763
1.0,77.0,0.24107027148841276,715.0,1.0,0.5954962468723937,1.8387378831743861
1.0,78.0,0.11360610250813874,716.0,1.0,0.5963302752293578,1.8466051825496865
0.0,76.0,0.1310879502209057,717.0,1.0,0.5971643035863219,1.8544685450033378
4.0,84.0,0.8094844992218955,718.0,1.0,0.5979983319432861,1.8623276293527662
3.0,85.0,0.5191107393878228,719.0,1.0,0.5988323603002502,1.8701820924961376
7.0,79.0,0.8246009549662653,720.0,1.0,0.5996663886572143,1.8780315894189392
3.0,86.0,0.32233032666867345,721.0,1.0,0.6005004170141784,1.8858757732006932
8.0,86.0,0.9698188232909587,722.0,1.0,0.6013344453711427,1.8937142950218282
8.0,87.0,0.9433539832297453,723.0,1.0,0.6021684737281068,1.9015468041707435
4.0,85.0,0.36001745291454684,724.0,1.0,0.6030025020850709,1.909372948050998
8.0,88.0,0.9743935878596062,725.0,1.0,0.603836530442035,1.9171923721887107
5.0,73.0,0.5556646683817442,726.0,1.0,0.6046705587989991,1.925004720240081
8.0,89.0,0.9713102237329275,727.0,1.0,0.6055045871559633,1.932809633999109
4.0,86.0,0.43684721977032376,728.0,1.0,0.6063386155129274,1.9406067534054638
4.0,87.0,0.41861788836155506,729.0,1.0,0.6071726438698916,1.9483957165525434
4.0,88.0,0.3652597893873221,730.0,1.0,0.6080066722268557,1.9561761596956735
2.0,72.0,0.4134211585229946,731.0,1.0,0.6088407005838199,1.9639477172605158
2.0,73.0,0.3446933535472551,732.0,1.0,0.609674728940784,1.971710021851612
7.0,80.0,0.8054537282553724,733.0,1.0,0.6105087572977481,1.9794627042611241
1.0,79.0,0.12305480645193888,734.0,1.0,0.6113427856547122,1.9872053934777432
8.0,90.0,0.9911184130100406,735.0,1.0,0.6121768140116765,1.994937716695774
6.0,91.0,0.6584331921617111,736.0,1.0,0.6130108423686406,2.0026592993243906
3.0,87.0,0.33469337907282126,737.0,1.0,0.6138448707256047,2.0103697649970718
4.0,89.0,0.6274121899463643,738.0,1.0,0.6146788990825688,2.0180687355812315
8.0,91.0,0.7226174292782764,739.0,1.0,0.6155129274395329,2.0257558311879955
6.0,92.0,0.7335663419145758,740.0,1.0,0.6163469557964971,2.033430670182191
8.0,92.0,0.9685195091736511,741.0,1.0,0.6171809841534612,2.0410928691924974
1.0,80.0,0.31221404776951756,742.0,1.0,0.6180150125104253,2.0487420431217878
0.0,77.0,0.07223495696785404,743.0,1.0,0.6188490408673895,2.0563778051576556
8.0,93.0,0.961791053012612,744.0,1.0,0.6196830692243537,2.063999766783123
5.0,74.0,0.5239818456706297,745.0,1.0,0.6205170975813178,2.0716075377875294
7.0,81.0,0.7464336217335249,746.0,1.0,0.6213511259382819,2.0792007262776178
0.0,78.0,0.022486004069413125,747.0,1.0,0.622185154295246,2.086778938688808
1.0,81.0,0.20193634139713937,748.0,1.0,0.6230191826522101,2.0943417797966477
3.0,88.0,0.5181227907552061,749.0,1.0,0.6238532110091743,2.1018888527284614
3.0,89.0,0.33415071942653485,750.0,1.0,0.6246872393661385,2.109419758975193
2.0,74.0,0.1641638797371386,751.0,1.0,0.6255212677231026,2.116934098403434
1.0,82.0,0.4035926479240858,752.0,1.0,0.6263552960800667,2.124431469267655
2.0,75.0,0.4982264819265455,753.0,1.0,0.6271893244370309,2.131911468222611
4.0,90.0,0.5799311815700045,754.0,1.0,0.628023352793995,2.1393736903359692
7.0,82.0,0.4877588707684447,755.0,1.0,0.6288573811509591,2.146817729101111
7.0,83.0,0.75993612554638,756.0,1.0,0.6296914095079232,2.1542431764501444
2.0,76.0,0.24624707333979026,757.0,1.0,0.6305254378648875,2.1616496227671105
4.0,91.0,0.6002060378783423,758.0,1.0,0.6313594662218516,2.169036656901383
0.0,79.0,0.017321648438892993,759.0,1.0,0.6321934945788157,2.1764038661812832
2.0,77.0,0.292796223986763,760.0,1.0,0.6330275229357798,2.183750836427889
0.0,80.0,0.04921212747366491,761.0,1.0,0.6338615512927439,2.191077151969037
5.0,75.0,0.7494328762720421,762.0,1.0,0.6346955796497081,2.198382395653549
3.0,90.0,0.3160461263706713,763.0,1.0,0.6355296080066722,2.2056661488656446
2.0,78.0,0.17043475524933616,764.0,1.0,0.6363636363636364,2.2129279915395714
1.0,83.0,0.08296530518303048,765.0,1.0,0.6371976647206005,2.2201675021744403
3.0,91.0,0.2925818799058456,766.0,1.0,0.6380316930775647,2.2273842578492666
0.0,81.0,0.10443924406764127,767.0,1.0,0.6388657214345288,2.2345778342382183
6.0,93.0,0.7516932635375593,768.0,1.0,0.6396997497914929,2.2417478056260833
1.0,84.0,0.14062520893388863,769.0,1.0,0.640533778148457,2.24889374492394
0.0,82.0,0.1477695694796491,770.0,1.0,0.6413678065054211,2.25601522368505
5.0,76.0,0.42823068113852536,771.0,1.0,0.6422018348623854,2.2631118121209517
7.0,84.0,0.8262286937911836,772.0,1.0,0.6430358632193495,2.270183079117776
3.0,92.0,0.5007137077369851,773.0,1.0,0.6438698915763136,2.2772285922527833
1.0,85.0,0.1979797727636151,774.0,1.0,0.6447039199332777,2.2842479178111104
4.0,92.0,0.6365767122692002,775.0,1.0,0.6455379482902419,2.2912406208027374
6.0,94.0,0.38800840584130586,776.0,1.0,0.646371976647206,2.2982062649796724
7.0,85.0,0.9381845236422133,777.0,1.0,0.6472060050041701,2.305144412853362
2.0,79.0,0.15493736924724869,778.0,1.0,0.6480400333611342,2.3120546257123205
4.0,93.0,0.2926658185821483,779.0,1.0,0.6488740617180984,2.318936463639976
4.0,94.0,0.5153122223128452,780.0,1.0,0.6497080900750626,2.325789485532757
7.0,86.0,0.8857623633883986,781.0,1.0,0.6505421184320267,2.3326132491183813
5.0,77.0,0.5672176624582517,782.0,1.0,0.6513761467889908,2.339407310974393
3.0,93.0,0.1833256030815028,783.0,1.0,0.6522101751459549,2.346171226546912
4.0,95.0,0.4014653516797019,784.0,1.0,0.6530442035029191,2.3529045501696206
3.0,94.0,0.23653352889275703,785.0,1.0,0.6538782318598833,2.3596068350829693
5.0,78.0,0.6417220863768259,786.0,1.0,0.6547122602168474,2.3662776334536306
5.0,79.0,0.6988558394952242,787.0,1.0,0.6555462885738115,2.372916496394166
7.0,87.0,0.7208659725395876,788.0,1.0,0.6563803169307757,2.3795229739829407
2.0,80.0,0.2690436505615225,789.0,1.0,0.6572143452877398,2.386096615284263
6.0,95.0,0.6781189289066942,790.0,1.0,0.6580483736447039,2.392636968368764
5.0,80.0,0.5946136974442117,791.0,1.0,0.658882402001668,2.39914358033401
0.0,83.0,0.040678710267430786,792.0,1.0,0.6597164303586321,2.405615997325363
5.0,81.0,0.526123217716297,793.0,1.0,0.6605504587155964,2.412053764557064
5.0,82.0,0.4201387716163734,794.0,1.0,0.6613844870725605,2.4184564263335675
7.0,88.0,0.9428798733089822,795.0,1.0,0.6622185154295246,2.424823526071115
0.0,84.0,0.07120920762291777,796.0,1.0,0.6630525437864887,2.4311546063195535
8.0,94.0,0.8307026051414029,797.0,1.0,0.6638865721434529,2.4374492087843884
8.0,95.0,0.8436723829277312,798.0,1.0,0.664720600500417,2.443706874349089
6.0,96.0,0.5140717960522585,799.0,1.0,0.6655546288573811,2.449927143097642
6.0,97.0,0.7340089086597619,800.0,1.0,0.6663886572143453,2.456109554337344
3.0,95.0,0.2148323058173904,801.0,1.0,0.6672226855713094,2.462253646621851
1.0,86.0,0.13034351504378416,802.0,1.0,0.6680567139282736,2.468358957774467
7.0,89.0,0.8841355775833827,803.0,1.0,0.6688907422852377,2.4744250249116932
3.0,96.0,0.5575481859879282,804.0,1.0,0.6697247706422018,2.480451384467024
4.0,96.0,0.6644706960660647,805.0,1.0,0.6705587989991659,2.4864375722149994
8.0,96.0,0.9870235223664411,806.0,1.0,0.6713928273561302,2.492383123295507
0.0,85.0,0.017844800859250474,807.0,1.0,0.6722268557130943,2.4982875722383366
8.0,97.0,0.9010290560682903,808.0,1.0,0.6730608840700584,2.5041504529880116
6.0,98.0,0.8210014931645105,809.0,1.0,0.6738949124270225,2.5099712989288463
7.0,90.0,0.8634019660275714,810.0,1.0,0.6747289407839867,2.51574964291029
0.0,86.0,0.006344430243700799,811.0,1.0,0.6755629691409508,2.5214850172725165
2.0,81.0,0.2605712220793557,812.0,1.0,0.6763969974979149,2.5271769538722797
5.0,83.0,0.6342220107480232,813.0,1.0,0.677231025854879,2.5328249841090322
3.0,97.0,0.5568139029140482,814.0,1.0,0.6780650542118432,2.538428638951306
4.0,97.0,0.467542454801955,815.0,1.0,0.6788990825688074,2.5439874489633576
2.0,82.0,0.22869411386457622,816.0,1.0,0.6797331109257715,2.5495009443320837
7.0,91.0,0.8691625421207274,817.0,1.0,0.6805671392827356,2.5549686548942003
7.0,92.0,0.9050125185786442,818.0,1.0,0.6814011676396997,2.560390110163693
3.0,98.0,0.5267003450877166,819.0,1.0,0.6822351959966639,2.565764839359532
3.0,99.0,0.3523875906456833,820.0,1.0,0.683069224353628,2.571092371433667
4.0,98.0,0.6589783235621106,821.0,1.0,0.6839032527105922,2.5763722350992913
5.0,84.0,0.7408717868225906,822.0,1.0,0.6847372810675563,2.5816039588593718
1.0,87.0,0.026996872682954146,823.0,1.0,0.6855713094245204,2.586787071035465
5.0,85.0,0.45307516950445825,824.0,1.0,0.6864053377814846,2.5919210997968056
1.0,88.0,0.2691451406508866,825.0,1.0,0.6872393661384487,2.5970055731896653
1.0,89.0,0.10219985242542041,826.0,1.0,0.6880733944954128,2.602040019167003
7.0,93.0,0.7334093968164288,827.0,1.0,0.6889074228523769,2.6070239656183833
2.0,83.0,0.47742652501230176,828.0,1.0,0.6897414512093412,2.611956940400188
0.0,87.0,0.11397562048934436,829.0,1.0,0.6905754795663053,2.616838471366088
6.0,99.0,0.8667840499157866,830.0,1.0,0.6914095079232694,2.621668086397832
6.0,100.0,0.7375229874507402,831.0,1.0,0.6922435362802335,2.62644531343629
2.0,84.0,0.452814335306602,832.0,1.0,0.6930775646371977,2.631169680512796
6.0,101.0,0.7675118857565593,833.0,1.0,0.6939115929941618,2.6358407157807813
3.0,100.0,0.5295245895794675,834.0,1.0,0.6947456213511259,2.640457947547684
5.0,86.0,0.42917375914571393,835.0,1.0,0.69557964970809,2.6450209043071657
3.0,101.0,0.5124264913814538,836.0,1.0,0.6964136780650542,2.6495291147716036
1.0,90.0,0.061292783709475905,837.0,1.0,0.6972477064220184,2.6539821079048806
5.0,87.0,0.5547049247380332,838.0,1.0,0.6980817347789825,2.658379412955474
1.0,91.0,0.28254281868725584,839.0,1.0,0.6989157631359466,2.6627205594898307
7.0,94.0,0.8971162601201952,840.0,1.0,0.6997497914929107,2.667005077426047
1.0,92.0,0.033541672051034664,841.0,1.0,0.700583819849875,2.6712324970678374
5.0,88.0,0.47074822713592496,842.0,1.0,0.7014178482068391,2.6754023491388095
5.0,89.0,0.7022136600155608,843.0,1.0,0.7022518765638032,2.679514164817035
7.0,95.0,0.5035960816350759,844.0,1.0,0.7030859049207673,2.683567475769923
5.0,90.0,0.7253255780550952,845.0,1.0,0.7039199332777314,2.687561814189397
5.0,91.0,0.7458011678241866,846.0,1.0,0.7047539616346956,2.691496712827374
8.0,98.0,0.673087739328794,847.0,1.0,0.7055879899916597,2.695371705031546
3.0,102.0,0.37259476585889906,848.0,1.0,0.7064220183486238,2.6991863247814805
8.0,99.0,0.9986611376171213,849.0,1.0,0.707256046705588,2.7029401067250123
8.0,100.0,0.9483766167680825,850.0,1.0,0.7080900750625522,2.7066325862149547
7.0,96.0,0.932815014419804,851.0,1.0,0.7089241034195163,2.710263299346118
2.0,85.0,0.3793759551714834,852.0,1.0,0.7097581317764804,2.713831782992641
8.0,101.0,0.9900715524672389,853.0,1.0,0.7105921601334445,2.717337574845635
4.0,99.0,0.6072150092758913,854.0,1.0,0.7114261884904087,2.720780213451141
8.0,102.0,0.9982559567643556,855.0,1.0,0.7122602168473728,2.7241592382484026
1.0,93.0,0.20924185796172726,856.0,1.0,0.713094245204337,2.7274741896084587
1.0,94.0,0.28283294014715327,857.0,1.0,0.7139282735613011,2.730724608873051
5.0,92.0,0.47620203445982734,858.0,1.0,0.7147623019182652,2.7339100383938537
5.0,93.0,0.17839456259657768,859.0,1.0,0.7155963302752294,2.737030021572021
8.0,103.0,0.6031960912500105,860.0,1.0,0.7164303586321935,2.7400841028980603
1.0,95.0,0.14710475833665285,861.0,1.0,0.7172643869891576,2.7430718279920274
6.0,102.0,0.8254718412721187,862.0,1.0,0.7180984153461217,2.7459927436440448
7.0,97.0,0.819382033766148,863.0,1.0,0.718932443703086,2.748846397855152
8.0,104.0,0.9580195901560176,864.0,1.0,0.7197664720600501,2.751632339878473
5.0,94.0,0.4468594400286863,865.0,1.0,0.7206005004170142,2.754350120260726
4.0,100.0,0.4382072431436573,866.0,1.0,0.7214345287739783,2.7569992908840493
3.0,103.0,0.3366157456765606,867.0,1.0,0.7222685571309424,2.7595794050081723
2.0,86.0,0.37421918941845644,868.0,1.0,0.7231025854879066,2.7620900173129086
5.0,95.0,0.6603335485327593,869.0,1.0,0.7239366138448707,2.764530683940989
4.0,101.0,0.5292394536325983,870.0,1.0,0.7247706422018348,2.766900962541226
7.0,98.0,0.814528986726198,871.0,1.0,0.725604670558799,2.7692004123120237
0.0,88.0,0.15160596370204768,872.0,1.0,0.7264386989157632,2.771428594045215
8.0,105.0,0.9658209270089979,873.0,1.0,0.7272727272727273,2.7735850701702445
6.0,103.0,0.893499538807781,874.0,1.0,0.7281067556296914,2.775669404798692
4.0,102.0,0.5021730934795335,875.0,1.0,0.7289407839866555,2.77768116376914
6.0,104.0,0.8469767867395467,876.0,1.0,0.7297748123436196,2.779619914692377
6.0,105.0,0.7185366171543272,877.0,1.0,0.7306088407005839,2.7814852269969577
1.0,96.0,0.1271250135412912,878.0,1.0,0.731442869057548,2.7832766719750994
5.0,96.0,0.36583773835275446,879.0,1.0,0.7322768974145121,2.7849938228289313
4.0,103.0,0.382940089501472,880.0,1.0,0.7331109257714762,2.786636254717094
0.0,89.0,0.0030826865269711935,881.0,1.0,0.7339449541284404,2.7882035448016835
8.0,106.0,0.9403081618805355,882.0,1.0,0.7347789824854045,2.789695272295555
1.0,97.0,0.06629165036756707,883.0,1.0,0.7356130108423686,2.7911110185099726
1.0,98.0,0.25188463073027006,884.0,1.0,0.7364470391993327,2.79245036690262
4.0,104.0,0.7092616180494707,885.0,1.0,0.737281067556297,2.793712903125963
7.0,99.0,0.866929021741898,886.0,1.0,0.7381150959132611,2.7948982150759702
7.0,100.0,0.45157475209196346,887.0,1.0,0.7389491242702252,2.7960058929411935
7.0,101.0,0.9170856838154529,888.0,1.0,0.7397831526271893,2.7970355292522115
2.0,87.0,0.33578171058455014,889.0,1.0,0.7406171809841534,2.797986718931426
0.0,90.0,0.01287776928494974,890.0,1.0,0.7414512093411176,2.7988590593432296
6.0,106.0,0.5290347754665944,891.0,1.0,0.7422852376980817,2.7996521503445373
2.0,88.0,0.06964359351508682,892.0,1.0,0.7431192660550459,2.8003655943356773
2.0,89.0,0.12078622997052235,893.0,1.0,0.74395329441201,2.8009989963116557
3.0,104.0,0.5789862462268589,894.0,1.0,0.7447873227689742,2.8015519639137874
2.0,90.0,0.2129108197156195,895.0,1.0,0.7456213511259383,2.8020241074816976
2.0,91.0,0.33709525569009535,896.0,1.0,0.7464553794829024,2.8024150401056893
7.0,102.0,0.8476887311817143,897.0,1.0,0.7472894078398665,2.8027243776794966
3.0,105.0,0.3587339141918275,898.0,1.0,0.7481234361968306,2.8029517389533964
8.0,107.0,0.8882341457121673,899.0,1.0,0.7489574645537949,2.803096745587709
2.0,92.0,0.4999270826161077,900.0,1.0,0.749791492910759,2.8031590222066636
5.0,97.0,0.6936775490857101,901.0,1.0,0.7506255212677231,2.8031381964526565
1.0,99.0,0.20532610899737921,902.0,1.0,0.7514595496246872,2.803033899040877
5.0,98.0,0.5958864851068918,903.0,1.0,0.7522935779816514,2.8028457638143176
8.0,108.0,0.9352470371368761,904.0,1.0,0.7531276063386155,2.802573427799172
6.0,107.0,0.8004735431390553,905.0,1.0,0.7539616346955796,2.8022165312606133
2.0,93.0,0.2983860731630546,906.0,1.0,0.7547956630525438,2.801774717758956
5.0,99.0,0.7710055172525904,907.0,1.0,0.755629691409508,2.801247634206209
6.0,108.0,0.6523266517493957,908.0,1.0,0.7564637197664721,2.8006349309230147
6.0,109.0,0.8120200645078764,909.0,1.0,0.7572977481234362,2.799936261695979
2.0,94.0,0.41488631918858804,910.0,1.0,0.7581317764804003,2.7991512838353927
2.0,95.0,0.3474474747819758,911.0,1.0,0.7589658048373644,2.7982796582333433
5.0,100.0,0.5027916902937637,912.0,1.0,0.7597998331943286,2.7973210494222274
4.0,105.0,0.6169038084960248,913.0,1.0,0.7606338615512928,2.7962751256336493
1.0,100.0,0.12318974409077803,914.0,1.0,0.7614678899082569,2.7951415588577246
6.0,110.0,0.830643673498933,915.0,1.0,0.762301918265221,2.793920024902781
1.0,101.0,0.1288992007841045,916.0,1.0,0.7631359466221852,2.792610203455456
7.0,103.0,0.8737320884721242,917.0,1.0,0.7639699749791493,2.7912117781411965
1.0,102.0,0.25018998776449,918.0,1.0,0.7648040033361134,2.789724436585168
6.0,111.0,0.6107942980432851,919.0,1.0,0.7656380316930775,2.7881478704735567
6.0,112.0,0.7325886485717031,920.0,1.0,0.7664720600500416,2.7864817756152895
1.0,103.0,0.13570262665853922,921.0,1.0,0.7673060884070059,2.784725852004152
5.0,101.0,0.7745611017603652,922.0,1.0,0.76814011676397,2.782879803881322
3.0,106.0,0.7052325025309374,923.0,1.0,0.7689741451209341,2.780943339798306
4.0,106.0,0.5027939365765988,924.0,1.0,0.7698081734778982,2.7789161726802996
4.0,107.0,0.5790282657587438,925.0,1.0,0.7706422018348624,2.776798019889944
8.0,109.0,0.8471648791210687,926.0,1.0,0.7714762301918265,2.7745886032915137
7.0,104.0,0.8708199983874924,927.0,1.0,0.7723102585487907,2.7722876493155115
2.0,96.0,0.5330789561845231,928.0,1.0,0.7731442869057548,2.7698948890236825
4.0,108.0,0.595075573412482,929.0,1.0,0.773978315262719,2.767410058174446
1.0,104.0,0.2472609565926261,930.0,1.0,0.7748123436196831,2.7648328972887573
6.0,113.0,0.6499098166404409,931.0,1.0,0.7756463719766472,2.7621631517163743
4.0,109.0,0.4720779316030422,932.0,1.0,0.7764804003336113,2.759400571702566
3.0,107.0,0.3732831312667814,933.0,1.0,0.7773144286905754,2.7565449124552317
2.0,97.0,0.05663494093193635,934.0,1.0,0.7781484570475397,2.75359593421246
0.0,91.0,0.045145436556648176,935.0,1.0,0.7789824854045038,2.750553402310504
1.0,105.0,0.18058105455893272,936.0,1.0,0.7798165137614679,2.7474170872521917
3.0,108.0,0.685342197138895,937.0,1.0,0.780650542118432,2.7441867647757694
3.0,109.0,0.5570553636597515,938.0,1.0,0.7814845704753962,2.740862215924173
7.0,105.0,0.8444954910779953,939.0,1.0,0.7823185988323603,2.7374432271147398
3.0,110.0,0.28989972680476306,940.0,1.0,0.7831526271893244,2.7339295902093457
2.0,98.0,0.36816598681781304,941.0,1.0,0.7839866555462885,2.7303211025849943
5.0,102.0,0.7352989074935227,942.0,1.0,0.7848206839032527,2.726617567204829
8.0,110.0,0.8361872431614752,943.0,1.0,0.7856547122602169,2.7228187926895973
2.0,99.0,0.4398327377608154,944.0,1.0,0.786488740617181,2.718924593389553
1.0,106.0,0.13899610014495498,945.0,1.0,0.7873227689741451,2.7149347894567963
7.0,106.0,0.8224562771787886,946.0,1.0,0.7881567973311092,2.7108492069180694
1.0,107.0,0.10547928812430393,947.0,1.0,0.7889908256880734,2.7066676777479883
8.0,111.0,0.9613107215097995,948.0,1.0,0.7898248540450375,2.7023900399427294
5.0,103.0,0.6236637505697364,949.0,1.0,0.7906588824020017,2.6980161375941614
6.0,114.0,0.9787631276218964,950.0,1.0,0.7914929107589658,2.693545820964431
1.0,108.0,0.17049303098781116,951.0,1.0,0.79232693911593,2.6889789465609963
4.0,110.0,0.8032949749253363,952.0,1.0,0.7931609674728941,2.6843153772121235
3.0,111.0,0.36133465836715334,953.0,1.0,0.7939949958298582,2.679554982142829
4.0,111.0,0.5678753007239172,954.0,1.0,0.7948290241868223,2.6746976370512834
7.0,107.0,0.9119699520894468,955.0,1.0,0.7956630525437864,2.6697432241856753
0.0,92.0,0.016235621663802338,956.0,1.0,0.7964970809007507,2.664691632421532
3.0,112.0,0.48658973105227327,957.0,1.0,0.7973311092577148,2.659542757339505
3.0,113.0,0.4221664368617518,958.0,1.0,0.7981651376146789,2.654296501303619
0.0,93.0,0.010581020878152474,959.0,1.0,0.798999165971643,2.648952773539977
6.0,115.0,0.8644327703364294,960.0,1.0,0.7998331943286072,2.6435114902159516
4.0,112.0,0.6513241619259023,961.0,1.0,0.8006672226855713,2.6379725745198197
7.0,108.0,0.9070874272950304,962.0,1.0,0.8015012510425354,2.6323359567408877
2.0,100.0,0.19106618044167603,963.0,1.0,0.8023352793994996,2.6266015743500732
4.0,113.0,0.2842352452251604,964.0,1.0,0.8031693077564637,2.6207693720809666
3.0,114.0,0.10047263366660338,965.0,1.0,0.8040033361134279,2.6148393020113683
6.0,116.0,0.5741236875410303,966.0,1.0,0.804837364470392,2.6088113236452988
6.0,117.0,0.4549003325819666,967.0,1.0,0.8056713928273561,2.602685403995483
7.0,109.0,0.4040042805170203,968.0,1.0,0.8065054211843202,2.5964615176663215
0.0,94.0,0.0778144031507679,969.0,1.0,0.8073394495412844,2.5901396469373306
7.0,110.0,0.7729430874470684,970.0,1.0,0.8081734778982486,2.5837197818470847
0.0,95.0,0.006219080182296489,971.0,1.0,0.8090075062552127,2.577201920277614
5.0,104.0,0.44380040657367315,972.0,1.0,0.8098415346121768,2.5705860680393187
6.0,118.0,0.895982041271161,973.0,1.0,0.810675562969141,2.5638722389563418
2.0,101.0,0.5724165271357404,974.0,1.0,0.8115095913261051,2.5570604549524525
4.0,114.0,0.7306523712070275,975.0,1.0,0.8123436196830692,2.5501507461374047
6.0,119.0,0.5437069917326056,976.0,1.0,0.8131776480400333,2.543143150893792
7.0,111.0,0.7163641147720798,977.0,1.0,0.8140116763969975,2.536037715964409
6.0,120.0,0.5039013650974148,978.0,1.0,0.8148457047539617,2.528834496540074
2.0,102.0,0.15986465561478228,979.0,1.0,0.8156797331109258,2.521533556347997
5.0,105.0,0.6373656506064792,980.0,1.0,0.8165137614678899,2.5141349677405924
8.0,112.0,0.8622455540875225,981.0,1.0,0.817347789824854,2.506638811784835
0.0,96.0,0.1837946098809599,982.0,1.0,0.8181818181818182,2.4990451783520924
2.0,103.0,0.26541015723910205,983.0,1.0,0.8190158465387823,2.491354166208473
2.0,104.0,0.3885487911075892,984.0,1.0,0.8198498748957465,2.48356588310567
3.0,115.0,0.12635831635889427,985.0,1.0,0.8206839032527106,2.4756804458723103
5.0,106.0,0.6032339863480707,986.0,1.0,0.8215179316096747,2.467697980505834
7.0,112.0,0.9756770571255073,987.0,1.0,0.8223519599666389,2.4596186222648395
6.0,121.0,0.7825518686981098,988.0,1.0,0.823185988323603,2.4514425157619923
6.0,122.0,0.7192846155285524,989.0,1.0,0.8240200166805671,2.4431698150574
1.0,109.0,0.1092205561734485,990.0,1.0,0.8248540450375312,2.4348006837525324
6.0,123.0,0.6346815442262266,991.0,1.0,0.8256880733944955,2.4263352950846393
8.0,113.0,0.7705478484303232,992.0,1.0,0.8265221017514596,2.417773832021703
2.0,105.0,0.3203294974418476,993.0,1.0,0.8273561301084237,2.4091164873578936
1.0,110.0,0.055653757314349975,994.0,1.0,0.8281901584653878,2.40036346380955
1.0,111.0,0.12977047811915826,995.0,1.0,0.8290241868223519,2.391514974111694
6.0,124.0,0.6332684248312684,996.0,1.0,0.8298582151793161,2.3825712411150484
1.0,112.0,0.03561296201290212,997.0,1.0,0.8306922435362802,2.3735324978836085
8.0,114.0,0.9039643913195371,998.0,1.0,0.8315262718932444,2.3643989877927076
1.0,113.0,0.07803919152581831,999.0,1.0,0.8323603002502085,2.355170964627642
4.0,115.0,0.7487363100691388,1000.0,1.0,0.8331943286071727,2.3458486926828055
3.0,116.0,0.3749329271262247,1001.0,1.0,0.8340283569641368,2.3364324468613775
6.0,125.0,0.8869246068889147,1002.0,1.0,0.8348623853211009,2.3269225127755138
4.0,116.0,0.5428409936740989,1003.0,1.0,0.835696413678065,2.3173191868471092
3.0,117.0,0.3911165915297633,1004.0,1.0,0.8365304420350292,2.307622776409067
7.0,113.0,0.953185944627621,1005.0,1.0,0.8373644703919934,2.297833599807136
5.0,107.0,0.4922893321516113,1006.0,1.0,0.8381984987489575,2.2879519865022564
2.0,106.0,0.3788112951167964,1007.0,1.0,0.8390325271059216,2.277978277173476
5.0,108.0,0.6642840370313631,1008.0,1.0,0.8398665554628857,2.267912823821395
1.0,114.0,0.33769007396299383,1009.0,1.0,0.8407005838198499,2.257755989872163
1.0,115.0,0.2174518709272464,1010.0,1.0,0.841534612176814,2.2475081502820204
0.0,97.0,0.3668842638220555,1011.0,1.0,0.8423686405337781,2.237169691642392
0.0,98.0,0.05846530766163056,1012.0,1.0,0.8432026688907422,2.2267410122855242
3.0,118.0,0.2825979597692008,1013.0,1.0,0.8440366972477065,2.2162225223906837
1.0,116.0,0.4947823960925708,1014.0,1.0,0.8448707256046706,2.2056146440909123
3.0,119.0,0.2635795720622411,1015.0,1.0,0.8457047539616347,2.1949178115803196
5.0,109.0,0.5396010248570032,1016.0,1.0,0.8465387823185988,2.184132471221955
8.0,115.0,0.8700770945277873,1017.0,1.0,0.8473728106755629,2.173259081656228
8.0,116.0,0.966578504757093,1018.0,1.0,0.8482068390325271,2.162298113909883
0.0,99.0,0.18827342051159482,1019.0,1.0,0.8490408673894912,2.151250051505566
6.0,126.0,0.7736898015451134,1020.0,1.0,0.8498748957464554,2.140115390571909
2.0,107.0,0.16697539741612138,1021.0,1.0,0.8507089241034195,2.1288946399542206
4.0,117.0,0.5791974633050313,1022.0,1.0,0.8515429524603837,2.117588321325729
8.0,117.0,0.7753079807064611,1023.0,1.0,0.8523769808173478,2.1061969692993947
7.0,114.0,0.8245768188783926,1024.0,1.0,0.8532110091743119,2.09472113154029
3.0,120.0,0.5782511970999749,1025.0,1.0,0.854045037531276,2.0831613688785664
4.0,118.0,0.7053381271716958,1026.0,1.0,0.8548790658882403,2.071518255422974
7.0,115.0,0.8429106248166472,1027.0,1.0,0.8557130942452044,2.0597923786749863
5.0,110.0,0.6183904972109586,1028.0,1.0,0.8565471226021685,2.0479843396434725
5.0,111.0,0.6735951337812093,1029.0,1.0,0.8573811509591326,2.036094752959971
3.0,121.0,0.34844059497733254,1030.0,1.0,0.8582151793160967,2.0241242469945346
2.0,108.0,0.20672501048572428,1031.0,1.0,0.8590492076730609,2.012073463972168
0.0,100.0,0.12174021953248827,1032.0,1.0,0.859883236030025,1.9999430600898367
4.0,119.0,0.5795335394795981,1033.0,1.0,0.8607172643869891,1.9877337056340745
7.0,116.0,0.7130615584178555,1034.0,1.0,0.8615512927439533,1.9754460850991717
8.0,118.0,0.9384399103446281,1035.0,1.0,0.8623853211009175,1.9630808973059608
3.0,122.0,0.3329763898046044,1036.0,1.0,0.8632193494578816,1.950638855521193
3.0,123.0,0.5283344007982589,1037.0,1.0,0.8640533778148457,1.938120687577495
1.0,117.0,0.15939983178643158,1038.0,1.0,0.8648874061718098,1.9255271359939412
5.0,112.0,0.5007247955415591,1039.0,1.0,0.8657214345287739,1.912858958097211
7.0,117.0,0.8637336135197732,1040.0,1.0,0.8665554628857381,1.9001169261433464
4.0,120.0,0.2774065661902688,1041.0,1.0,0.8673894912427023,1.8873018274401183
5.0,113.0,0.8486797663361728,1042.0,1.0,0.8682235195996664,1.8744144644699803
4.0,121.0,0.4427633889088143,1043.0,1.0,0.8690575479566305,1.8614556550136379
2.0,109.0,0.3759223429871234,1044.0,1.0,0.8698915763135947,1.848426232274221
7.0,118.0,0.9146333672173513,1045.0,1.0,0.8707256046705588,1.835327045002074
6.0,127.0,0.7654873597479214,1046.0,1.0,0.8715596330275229,1.8221589576201236
8.0,119.0,0.9268890773368476,1047.0,1.0,0.872393661384487,1.8089228503499006
7.0,119.0,0.9306258348673321,1048.0,1.0,0.8732276897414513,1.7956196193381415
0.0,101.0,0.3053539463511374,1049.0,1.0,0.8740617180984154,1.7822501767840275
4.0,122.0,0.6104986521694239,1050.0,1.0,0.8748957464553795,1.7688154510670173
2.0,110.0,0.44817099733063637,1051.0,1.0,0.8757297748123436,1.7553163868753208
0.0,102.0,0.08307886905476561,1052.0,1.0,0.8765638031693077,1.741753945334977
5.0,114.0,0.3848347541533045,1053.0,1.0,0.8773978315262719,1.7281291041395646
3.0,124.0,0.6358956320843981,1054.0,1.0,0.878231859883236,1.7144428576805295
0.0,103.0,0.36691191872699386,1055.0,1.0,0.8790658882402002,1.700696217178139
5.0,115.0,0.6124932212495391,1056.0,1.0,0.8798999165971643,1.686890210813062
4.0,123.0,0.7993559877875935,1057.0,1.0,0.8807339449541285,1.6730258838585812
2.0,111.0,0.3738248205126343,1058.0,1.0,0.8815679733110926,1.659104298813445
6.0,128.0,0.741305286741565,1059.0,1.0,0.8824020016680567,1.6451265355353257
7.0,120.0,0.7867512577853493,1060.0,1.0,0.8832360300250208,1.6310936913749388
2.0,112.0,0.3507943531819362,1061.0,1.0,0.8840700583819849,1.617006881310788
6.0,129.0,0.7243827023738081,1062.0,1.0,0.8849040867389492,1.602867238084544
0.0,104.0,0.011113977110290043,1063.0,1.0,0.8857381150959133,1.588675912337076
3.0,125.0,0.42053961049550026,1064.0,1.0,0.8865721434528774,1.5744340727451094
1.0,118.0,0.36849223662884684,1065.0,1.0,0.8874061718098415,1.560142906158536
1.0,119.0,0.205937651022246,1066.0,1.0,0.8882402001668057,1.5458036177383652
4.0,124.0,0.8596349240988704,1067.0,1.0,0.8890742285237698,1.5314174310953383
3.0,126.0,0.511419819240225,1068.0,1.0,0.8899082568807339,1.516985588429159
8.0,120.0,0.8380466766963477,1069.0,1.0,0.890742285237698,1.502509350668407
6.0,130.0,0.8076966335272502,1070.0,1.0,0.8915763135946623,1.4879899976110837
3.0,127.0,0.23794695936201188,1071.0,1.0,0.8924103419516264,1.47342882806583
2.0,113.0,0.4736452376246911,1072.0,1.0,0.8932443703085905,1.458827159993779
8.0,121.0,0.9345592954766627,1073.0,1.0,0.8940783986655546,1.4441863306510805
0.0,105.0,0.06095871438773026,1074.0,1.0,0.8949124270225187,1.429507696732086
1.0,120.0,0.3567411313594101,1075.0,1.0,0.8957464553794829,1.41479263451319
1.0,121.0,0.17120986752986858,1076.0,1.0,0.896580483736447,1.4000425399973402
8.0,122.0,0.9743969669211029,1077.0,1.0,0.8974145120934112,1.3852588290592005
5.0,116.0,0.6406782105005314,1078.0,1.0,0.8982485404503753,1.3704429375909997
0.0,106.0,0.020568717756146927,1079.0,1.0,0.8990825688073395,1.3555963216490348
6.0,131.0,0.745057930454479,1080.0,1.0,0.8999165971643036,1.3407204576008567
2.0,114.0,0.03488352149241796,1081.0,1.0,0.9007506255212677,1.3258168422731145
0.0,107.0,0.221090667830463,1082.0,1.0,0.9015846538782318,1.3108869931000846
8.0,123.0,0.9483526455774787,1083.0,1.0,0.902418682235196,1.2959324482728782
2.0,115.0,0.32143827142825454,1084.0,1.0,0.9032527105921602,1.280954766889315
4.0,125.0,0.4102740204042547,1085.0,1.0,0.9040867389491243,1.2659555291044966
4.0,126.0,0.7500234382703198,1086.0,1.0,0.9049207673060884,1.250936336282037
2.0,116.0,0.4198788583619017,1087.0,1.0,0.9057547956630525,1.2358988111459992
6.0,132.0,0.6953154435748711,1088.0,1.0,0.9065888240200167,1.2208445979335012
0.0,108.0,0.18377220530404292,1089.0,1.0,0.9074228523769808,1.2057753625480303
2.0,117.0,0.48697371530197403,1090.0,1.0,0.908256880733945,1.190692792713418
6.0,133.0,0.5563197362548099,1091.0,1.0,0.9090909090909091,1.1755985981285286
6.0,134.0,0.6711321061907883,1092.0,1.0,0.9099249374478732,1.1604945106226365
7.0,121.0,0.9215513226949076,1093.0,1.0,0.9107589658048374,1.1453822843114918
1.0,122.0,0.05266516534590708,1094.0,1.0,0.9115929941618015,1.130263695754094
6.0,135.0,0.7755766333137835,1095.0,1.0,0.9124270225187656,1.1151405441101494
8.0,124.0,0.8790133002092839,1096.0,1.0,0.9132610508757297,1.1000146512982438
7.0,122.0,0.5511913813441534,1097.0,1.0,0.914095079232694,1.0848878621547082
4.0,127.0,0.5816307653328813,1098.0,1.0,0.9149291075896581,1.0697620445932015
0.0,109.0,0.006359601137161877,1099.0,1.0,0.9157631359466222,1.054639089764978
1.0,123.0,0.2430419133087147,1100.0,1.0,0.9165971643035863,1.0395209122198845
2.0,118.0,0.527748569968147,1101.0,1.0,0.9174311926605505,1.0244094500680534
4.0,128.0,0.5001783498653494,1102.0,1.0,0.9182652210175146,1.0093066651423281
3.0,128.0,0.5436172038153164,1103.0,1.0,0.9190992493744787,0.9942145431613655
1.0,124.0,0.009947451884799995,1104.0,1.0,0.9199332777314428,0.979135093893494
0.0,110.0,0.016131444738534114,1105.0,1.0,0.920767306088407,0.9640703513212675
5.0,117.0,0.5405498797825843,1106.0,1.0,0.9216013344453712,0.9490223738067386
2.0,119.0,0.1332197820191674,1107.0,1.0,0.9224353628023353,0.9339932442574725
2.0,120.0,0.14749367559896331,1108.0,1.0,0.9232693911592994,0.9189850702932537
3.0,129.0,0.32065303432182163,1109.0,1.0,0.9241034195162635,0.9039999844135453
8.0,125.0,0.9888227843672547,1110.0,1.0,0.9249374478732277,0.8890401441656595
2.0,121.0,0.2345018484141431,1111.0,1.0,0.9257714762301918,0.8741077323136761
0.0,111.0,0.3745356493626435,1112.0,1.0,0.926605504587156,0.859204957008062
4.0,129.0,0.5559864457835839,1113.0,1.0,0.9274395329441201,0.844334051956053
6.0,136.0,0.6694371143173112,1114.0,1.0,0.9282735613010842,0.829497276592752
8.0,126.0,0.760047712202559,1115.0,1.0,0.9291075896580484,0.8146969162529777
8.0,127.0,0.9694437653658315,1116.0,1.0,0.9299416180150125,0.7999352823438446
0.0,112.0,0.03362153009532442,1117.0,1.0,0.9307756463719766,0.7852147125180786
4.0,130.0,0.4997008918615656,1118.0,1.0,0.9316096747289407,0.7705375708480873
0.0,113.0,0.000987485233839277,1119.0,1.0,0.932443703085905,0.7559062480007674
3.0,130.0,0.5370954610125581,1120.0,1.0,0.9332777314428691,0.7413231614130665
6.0,137.0,0.6335575983858175,1121.0,1.0,0.9341117597998332,0.7267907554682781
8.0,128.0,0.8435559568475623,1122.0,1.0,0.9349457881567973,0.7123115016731026
8.0,129.0,0.8494607153468154,1123.0,1.0,0.9357798165137615,0.6978878988354523
2.0,122.0,0.23471441883116786,1124.0,1.0,0.9366138448707256,0.6835224732430215
1.0,125.0,0.018040347427695405,1125.0,1.0,0.9374478732276897,0.6692177788425947
5.0,118.0,0.7635346600186711,1126.0,1.0,0.9382819015846539,0.6549763974201291
1.0,126.0,0.5597563765435002,1127.0,1.0,0.939115929941618,0.640800938781591
6.0,138.0,0.5167652234101513,1128.0,1.0,0.9399499582985822,0.6266940409345545
0.0,114.0,0.04947309251186776,1129.0,1.0,0.9407839866555463,0.6126583702705714
5.0,119.0,0.7375445111805512,1130.0,1.0,0.9416180150125104,0.5986966217482891
5.0,120.0,0.7669127236207475,1131.0,1.0,0.9424520433694745,0.5848115190773606
8.0,130.0,0.9676600211426706,1132.0,1.0,0.9432860717264387,0.5710058149031066
7.0,123.0,0.5005533204463838,1133.0,1.0,0.9441201000834029,0.5572822909919601
6.0,139.0,0.6918874260931729,1134.0,1.0,0.944954128440367,0.5436437584176762
1.0,127.0,0.12086192696652535,1135.0,1.0,0.9457881567973311,0.5300930577483255
7.0,124.0,0.877203720543619,1136.0,1.0,0.9466221851542952,0.5166330592340637
7.0,125.0,0.8582418444614875,1137.0,1.0,0.9474562135112594,0.5032666629956768
3.0,131.0,0.1597787206793408,1138.0,1.0,0.9482902418682235,0.4899967992139195
3.0,132.0,0.37345467157261547,1139.0,1.0,0.9491242702251876,0.4768264283196191
8.0,131.0,0.9263539680625696,1140.0,1.0,0.9499582985821518,0.46375854118458454
3.0,133.0,0.4790174240812308,1141.0,1.0,0.950792326939116,0.4507961593132908
5.0,121.0,0.6751520562439662,1142.0,1.0,0.9516263552960801,0.43794233503536245
2.0,123.0,0.481975395993596,1143.0,1.0,0.9524603836530442,0.4252001516988381
7.0,126.0,0.6946004519005402,1144.0,1.0,0.9532944120100083,0.4125727238642389
4.0,131.0,0.22924114199268347,1145.0,1.0,0.9541284403669725,0.40006319749942426
0.0,115.0,0.059475278534643544,1146.0,1.0,0.9549624687239366,0.38767475017526304
3.0,134.0,0.40579266834895716,1147.0,1.0,0.9557964970809008,0.37541059126207516
3.0,135.0,0.6231479957726114,1148.0,1.0,0.9566305254378649,0.36327396212690233
5.0,122.0,0.6144896993605312,1149.0,1.0,0.957464553794829,0.35126813633157106
5.0,123.0,0.4752057966768744,1150.0,1.0,0.9582985821517932,0.3393964198315588
0.0,116.0,0.1408002010705338,1151.0,1.0,0.9591326105087573,0.32766215117568265
7.0,127.0,0.7724185886616106,1152.0,1.0,0.9599666388657214,0.3160687017065743
6.0,140.0,0.8469035330060389,1153.0,1.0,0.9608006672226855,0.3046194757619895
5.0,124.0,0.7213712348112514,1154.0,1.0,0.9616346955796498,0.2933179108769188
4.0,132.0,0.5700639739366524,1155.0,1.0,0.9624687239366139,0.28216747798652375
0.0,117.0,0.037896687436682036,1156.0,1.0,0.963302752293578,0.2711716816298771
3.0,136.0,0.5113340949467331,1157.0,1.0,0.9641367806505421,0.26033406015453825
2.0,124.0,0.5408625691929375,1158.0,1.0,0.9649708090075062,0.24965818592194097
4.0,133.0,0.5988585404029393,1159.0,1.0,0.9658048373644704,0.2391476655136093
3.0,137.0,0.20414192609905,1160.0,1.0,0.9666388657214345,0.2288061399382042
1.0,128.0,0.25027399033168235,1161.0,1.0,0.9674728940783986,0.21863728483938405
6.0,141.0,0.498477446250662,1162.0,1.0,0.9683069224353628,0.20864481070451105
7.0,128.0,0.6723377246265421,1163.0,1.0,0.969140950792327,0.1988324630741815
1.0,129.0,0.36014365375464347,1164.0,1.0,0.9699749791492911,0.18920402275259723
7.0,129.0,0.7589539080599847,1165.0,1.0,0.9708090075062552,0.1797633060187607
5.0,125.0,0.4824010968762711,1166.0,1.0,0.9716430358632193,0.17051416483852383
0.0,118.0,0.08671869978915218,1167.0,1.0,0.9724770642201835,0.16146048707746544
0.0,119.0,0.09547534583492563,1168.0,1.0,0.9733110925771477,0.15260619671462378
8.0,132.0,0.984911063764307,1169.0,1.0,0.9741451209341118,0.14395525405705703
7.0,130.0,0.8962208285171246,1170.0,1.0,0.9749791492910759,0.1355116559552654
3.0,138.0,0.578214898226106,1171.0,1.0,0.97581317764804,0.12727943601945546
1.0,130.0,0.173619624193269,1172.0,1.0,0.9766472060050042,0.11926266483665442
7.0,131.0,0.7001032159988426,1173.0,1.0,0.9774812343619683,0.11146545018868369
7.0,132.0,0.5059655157205509,1174.0,1.0,0.9783152627189324,0.10389193727097694
1.0,131.0,0.1309509822834726,1175.0,1.0,0.9791492910758965,0.0965463089122651
1.0,132.0,0.4190726834556745,1176.0,1.0,0.9799833194328608,0.08943278579511452
6.0,142.0,0.6574488794623395,1177.0,1.0,0.9808173477898249,0.08255562667733253
1.0,133.0,0.21469698528254735,1178.0,1.0,0.981651376146789,0.07591912861422581
7.0,133.0,0.860535380299683,1179.0,1.0,0.9824854045037531,0.06952762718173536
4.0,134.0,0.5502427292862342,1180.0,1.0,0.9833194328607172,0.06338549670043196
4.0,135.0,0.4421067820298784,1181.0,1.0,0.9841534612176814,0.057497150460383645
6.0,143.0,0.7593579479988923,1182.0,1.0,0.9849874895746455,0.051867040946896474
8.0,133.0,0.9326803206678973,1183.0,1.0,0.9858215179316097,0.04649966006712317
3.0,139.0,0.19008825012609593,1184.0,1.0,0.9866555462885738,0.041399539377554015
8.0,134.0,0.8857492477841802,1185.0,1.0,0.987489574645538,0.03657125031238201
0.0,120.0,0.07990789705821028,1186.0,1.0,0.9883236030025021,0.03201940441275121
1.0,134.0,0.1651786027357996,1187.0,1.0,0.9891576313594662,0.0277486535568814
4.0,136.0,0.2265453636729991,1188.0,1.0,0.9899916597164303,0.02376369019108339
1.0,135.0,0.13911682427463193,1189.0,1.0,0.9908256880733946,0.020069247561656314
5.0,126.0,0.8721320683091118,1190.0,1.0,0.9916597164303587,0.01667009994767708
1.0,136.0,0.08462788155430911,1191.0,1.0,0.9924937447873228,0.013571062894675188
5.0,127.0,0.5171317768866323,1192.0,1.0,0.9933277731442869,0.010776993449205026
8.0,135.0,0.9841931654979073,1193.0,1.0,0.994161801501251,0.008292790394310655
2.0,125.0,0.32857806437792,1194.0,1.0,0.9949958298582152,0.00612339448588753
6.0,144.0,0.6383531504883885,1195.0,1.0,0.9958298582151793,0.0042737886899447495
2.0,126.0,0.22390723249779843,1196.0,1.0,0.9966638865721434,0.0027489984207653534
8.0,136.0,0.9689413244292295,1197.0,1.0,0.9974979149291076,0.001554091779973026
5.0,128.0,0.6199499321554571,1198.0,1.0,0.9983319432860718,0.0006941797965023823
4.0,137.0,0.3648904021383335,1199.0,1.0,0.9991659716430359,0.00017441666747768558
3.0,140.0,0.387154859001306,1200.0,1.0,1.0,0.0
