ID,S
1,0
2,0
3,1
4,0
5,2
6,3
7,4
8,0
9,3
10,2
11,5
12,1
13,6
14,7
15,8
16,0
17,7
18,6
19,9
20,5
21,10
22,11
23,12
24,4
25,13
26,14
27,15
28,16
29,17
30,18
31,19
32,0
33,11
34,10
35,16
36,9
37,14
38,13
39,20
40,12
41,21
42,22
43,23
44,24
45,25
46,26
47,27
48,1
49,28
50,29
51,30
52,31
53,32
54,33
55,34
56,35
57,36
58,37
59,38
60,39
61,40
62,41
63,42
64,0
65,18
66,17
67,24
68,15
69,22
70,21
71,35
72,9
73,29
74,28
75,31
76,30
77,43
78,44
79,45
80,2
81,26
82,25
83,46
84,23
85,47
86,48
87,49
88,20
89,50
90,51
91,52
92,53
93,54
94,55
95,56
96,3
97,57
98,58
99,59
100,60
101,61
102,62
103,63
104,64
105,65
106,66
107,67
108,68
109,69
110,70
111,71
112,8
113,72
114,73
115,74
116,75
117,76
118,77
119,78
120,79
121,80
122,81
123,82
124,83
125,84
126,85
127,86
128,0
129,33
130,32
131,39
132,28
133,37
134,36
135,64
136,10
137,48
138,47
139,60
140,46
141,58
142,57
143,87
144,3
145,44
146,43
147,68
148,59
149,66
150,65
151,88
152,61
153,62
154,89
155,90
156,91
157,92
158,93
159,94
160,2
161,51
162,50
163,53
164,52
165,95
166,96
167,97
168,49
169,98
170,99
171,100
172,101
173,102
174,103
175,104
176,45
177,105
178,106
179,107
180,108
181,109
182,110
183,111
184,112
185,113
186,114
187,115
188,116
189,117
190,118
191,119
192,1
193,41
194,40
195,120
196,38
197,121
198,122
199,123
200,11
201,124
202,125
203,126
204,127
205,128
206,129
207,130
208,27
209,131
210,132
211,133
212,134
213,135
214,136
215,137
216,138
217,139
218,140
219,141
220,142
221,143
222,144
223,145
224,4
225,146
226,147
227,148
228,149
229,150
230,151
231,152
232,153
233,154
234,155
235,156
236,157
237,158
238,159
239,160
240,161
241,162
242,163
243,164
244,165
245,166
246,167
247,168
248,169
249,170
250,171
251,172
252,173
253,174
254,175
255,176
256,0
257,55
258,54
259,75
260,29
261,73
262,72
263,79
264,32
265,77
266,76
267,108
268,74
269,106
270,105
271,161
272,21
273,70
274,69
275,101
276,67
277,99
278,98
279,153
280,63
281,96
282,95
283,149
284,120
285,147
286,146
287,177
288,5
289,89
290,91
291,127
292,90
293,125
294,124
295,138
296,88
297,122
298,121
299,134
300,131
301,132
302,178
303,179
304,87
305,129
306,128
307,180
308,126
309,181
310,182
311,183
312,123
313,184
314,185
315,186
316,187
317,188
318,189
319,190
320,6
321,93
322,92
323,112
324,100
325,114
326,113
327,191
328,33
329,110
330,109
331,192
332,107
333,193
334,194
335,195
336,97
337,103
338,102
339,196
340,197
341,198
342,199
343,200
344,201
345,202
346,203
347,204
348,205
349,206
350,207
351,208
352,7
353,209
354,210
355,211
356,212
357,213
358,214
359,215
360,216
361,217
362,218
363,219
364,220
365,221
366,222
367,223
368,224
369,225
370,226
371,227
372,228
373,229
374,230
375,231
376,232
377,233
378,234
379,235
380,236
381,237
382,238
383,239
384,8
385,81
386,80
387,83
388,82
389,240
390,241
391,242
392,34
393,243
394,244
395,245
396,246
397,247
398,248
399,249
400,22
401,250
402,251
403,252
404,253
405,254
406,255
407,256
408,257
409,258
410,259
411,260
412,261
413,262
414,263
415,264
416,15
417,265
418,266
419,267
420,268
421,269
422,270
423,271
424,272
425,273
426,274
427,275
428,276
429,277
430,278
431,279
432,280
433,281
434,282
435,283
436,284
437,285
438,286
439,287
440,288
441,289
442,290
443,291
444,292
445,293
446,294
447,295
448,12
449,296
450,297
451,298
452,299
453,300
454,301
455,302
456,303
457,304
458,305
459,306
460,307
461,308
462,309
463,310
464,311
465,312
466,313
467,314
468,315
469,316
470,317
471,318
472,319
473,320
474,321
475,322
476,323
477,324
478,325
479,326
480,19
481,327
482,328
483,329
484,330
485,331
486,332
487,333
488,334
489,335
490,336
491,337
492,338
493,339
494,340
495,341
496,342
497,343
498,344
499,345
500,346
501,347
502,348
503,349
504,350
505,351
506,352
507,353
508,354
509,355
510,356
511,357
512,0
513,85
514,61
515,116
516,50
517,140
518,139
519,169
520,59
521,136
522,135
523,165
524,133
525,163
526,162
527,224
528,24
529,151
530,150
531,157
532,148
533,155
534,154
535,216
536,152
537,210
538,209
539,212
540,211
541,266
542,265
543,358
544,6
545,142
546,143
547,197
548,141
549,201
550,202
551,257
552,137
553,199
554,198
555,253
556,196
557,251
558,250
559,311
560,130
561,194
562,193
563,246
564,192
565,244
566,243
567,303
568,191
569,241
570,240
571,299
572,296
573,297
574,359
575,360
576,5
577,91
578,117
579,187
580,89
581,185
582,184
583,272
584,111
585,182
586,181
587,268
588,180
589,280
590,281
591,361
592,104
593,178
594,247
595,276
596,245
597,274
598,273
599,362
600,242
601,270
602,269
603,363
604,267
605,364
606,365
607,366
608,94
609,248
610,254
611,261
612,252
613,259
614,258
615,367
616,255
617,368
618,369
619,370
620,371
621,372
622,373
623,374
624,249
625,375
626,376
627,377
628,378
629,379
630,380
631,381
632,382
633,383
634,384
635,385
636,386
637,387
638,388
639,389
640,7
641,189
642,84
643,205
644,186
645,203
646,217
647,232
648,72
649,214
650,213
651,228
652,225
653,226
654,390
655,391
656,71
657,218
658,220
659,392
660,219
661,393
662,394
663,395
664,215
665,396
666,397
667,398
668,399
669,400
670,401
671,402
672,17
673,207
674,206
675,403
676,204
677,404
678,405
679,406
680,200
681,407
682,408
683,409
684,410
685,411
686,412
687,413
688,195
689,414
690,415
691,416
692,417
693,418
694,419
695,420
696,421
697,422
698,423
699,424
700,425
701,426
702,427
703,428
704,13
705,429
706,188
707,430
708,431
709,432
710,433
711,434
712,183
713,435
714,436
715,437
716,438
717,439
718,440
719,441
720,179
721,442
722,443
723,444
724,445
725,446
726,447
727,448
728,449
729,450
730,451
731,452
732,453
733,454
734,455
735,456
736,177
737,457
738,458
739,459
740,460
741,461
742,462
743,463
744,464
745,465
746,466
747,467
748,468
749,469
750,470
751,471
752,472
753,473
754,474
755,475
756,476
757,477
758,478
759,479
760,480
761,481
762,482
763,483
764,484
765,485
766,486
767,487
768,1
769,118
770,158
771,173
772,51
773,171
774,170
775,488
776,78
777,167
778,166
779,489
780,164
781,490
782,491
783,492
784,57
785,159
786,493
787,494
788,156
789,495
790,496
791,497
792,498
793,499
794,500
795,501
796,502
797,503
798,504
799,505
800,18
801,144
802,506
803,507
804,508
805,509
806,510
807,511
808,512
809,513
810,514
811,515
812,516
813,517
814,518
815,519
816,520
817,521
818,522
819,523
820,524
821,525
822,526
823,527
824,528
825,529
826,530
827,531
828,532
829,533
830,534
831,535
832,10
833,536
834,537
835,538
836,115
837,539
838,540
839,541
840,542
841,543
842,544
843,545
844,546
845,547
846,548
847,549
848,550
849,551
850,552
851,553
852,554
853,555
854,556
855,557
856,558
857,559
858,560
859,561
860,562
861,563
862,564
863,565
864,566
865,567
866,568
867,569
868,570
869,571
870,572
871,573
872,574
873,575
874,576
875,577
876,578
877,579
878,580
879,581
880,582
881,583
882,584
883,585
884,586
885,587
886,588
887,589
888,590
889,591
890,592
891,593
892,594
893,595
894,596
895,597
896,9
897,598
898,599
899,600
900,601
901,602
902,603
903,604
904,605
905,606
906,607
907,608
908,609
909,610
910,611
911,612
912,613
913,614
914,615
915,616
916,617
917,618
918,619
919,620
920,621
921,622
922,623
923,624
924,625
925,626
926,627
927,628
928,56
929,629
930,630
931,631
932,632
933,633
934,634
935,635
936,636
937,637
938,638
939,639
940,640
941,641
942,642
943,643
944,644
945,645
946,646
947,647
948,648
949,649
950,650
951,651
952,652
953,653
954,654
955,655
956,656
957,657
958,658
959,659
960,14
961,660
962,661
963,662
964,663
965,664
966,665
967,666
968,667
969,668
970,669
971,670
972,671
973,672
974,673
975,674
976,675
977,676
978,677
979,678
980,679
981,680
982,681
983,682
984,683
985,684
986,685
987,686
988,687
989,688
990,689
991,690
992,691
993,692
994,693
995,694
996,695
997,696
998,697
999,698
1000,699
1001,700
1002,701
1003,702
1004,703
1005,704
1006,705
1007,706
1008,707
1009,708
1010,709
1011,710
1012,711
1013,712
1014,713
1015,714
1016,715
1017,716
1018,717
1019,718
1020,719
1021,720
1022,721
1023,722
1024,0
1025,175
1026,131
1027,236
1028,80
1029,234
1030,233
1031,288
1032,73
1033,230
1034,229
1035,284
1036,227
1037,282
1038,312
1039,342
1040,58
1041,222
1042,221
1043,307
1044,275
1045,305
1046,304
1047,334
1048,271
1049,301
1050,300
1051,330
1052,298
1053,328
1054,327
1055,566
1056,43
1057,263
1058,262
1059,315
1060,260
1061,313
1062,319
1063,449
1064,256
1065,317
1066,316
1067,431
1068,314
1069,443
1070,429
1071,550
1072,302
1073,309
1074,308
1075,438
1076,306
1077,436
1078,435
1079,542
1080,430
1081,433
1082,432
1083,601
1084,536
1085,537
1086,598
1087,723
1088,16
1089,278
1090,277
1091,292
1092,283
1093,290
1094,289
1095,421
1096,285
1097,286
1098,393
1099,417
1100,392
1101,415
1102,414
1103,520
1104,279
1105,390
1106,404
1107,410
1108,403
1109,408
1110,407
1111,512
1112,405
1113,506
1114,508
1115,632
1116,507
1117,599
1118,629
1119,724
1120,264
1121,394
1122,396
1123,399
1124,397
1125,493
1126,498
1127,605
1128,395
1129,496
1130,495
1131,613
1132,494
1133,615
1134,614
1135,725
1136,391
1137,491
1138,490
1139,609
1140,489
1141,607
1142,606
1143,726
1144,488
1145,603
1146,602
1147,727
1148,600
1149,728
1150,729
1151,730
1152,5
1153,238
1154,201
1155,371
1156,209
1157,369
1158,368
1159,382
1160,75
1161,376
1162,375
1163,378
1164,377
1165,522
1166,521
1167,582
1168,223
1169,373
1170,372
1171,516
1172,370
1173,514
1174,513
1175,574
1176,367
1177,510
1178,509
1179,570
1180,538
1181,568
1182,567
1183,731
1184,54
1185,365
1186,364
1187,502
1188,363
1189,500
1190,499
1191,558
1192,362
1193,540
1194,539
1195,554
1196,551
1197,552
1198,732
1199,733
1200,361
1201,544
1202,543
1203,546
1204,545
1205,734
1206,735
1207,736
1208,541
1209,737
1210,738
1211,739
1212,740
1213,741
1214,742
1215,743
1216,42
1217,359
1218,503
1219,524
1220,501
1221,528
1222,529
1223,744
1224,497
1225,526
1226,525
1227,745
1228,523
1229,746
1230,747
1231,748
1232,492
1233,518
1234,517
1235,749
1236,515
1237,750
1238,751
1239,752
1240,511
1241,753
1242,754
1243,755
1244,756
1245,757
1246,758
1247,759
1248,358
1249,504
1250,760
1251,761
1252,762
1253,763
1254,764
1255,765
1256,766
1257,767
1258,768
1259,769
1260,770
1261,771
1262,772
1263,773
1264,774
1265,775
1266,776
1267,777
1268,778
1269,779
1270,780
1271,781
1272,782
1273,783
1274,784
1275,785
1276,786
1277,787
1278,788
1279,789
1280,2
1281,380
1282,142
1283,386
1284,172
1285,384
1286,383
1287,464
1288,148
1289,419
1290,379
1291,445
1292,416
1293,458
1294,442
1295,472
1296,60
1297,412
1298,411
1299,460
1300,409
1301,466
1302,457
1303,790
1304,406
1305,462
1306,461
1307,791
1308,459
1309,792
1310,793
1311,794
1312,44
1313,401
1314,400
1315,453
1316,398
1317,451
1318,450
1319,795
1320,434
1321,447
1322,446
1323,796
1324,444
1325,797
1326,798
1327,799
1328,437
1329,440
1330,439
1331,800
1332,801
1333,802
1334,803
1335,804
1336,805
1337,806
1338,807
1339,808
1340,809
1341,810
1342,811
1343,812
1344,36
1345,423
1346,418
1347,425
1348,422
1349,813
1350,814
1351,815
1352,420
1353,816
1354,817
1355,818
1356,819
1357,820
1358,821
1359,822
1360,413
1361,823
1362,824
1363,825
1364,826
1365,827
1366,828
1367,829
1368,830
1369,831
1370,832
1371,833
1372,834
1373,835
1374,836
1375,837
1376,402
1377,838
1378,839
1379,840
1380,841
1381,842
1382,843
1383,844
1384,845
1385,846
1386,847
1387,848
1388,849
1389,850
1390,851
1391,852
1392,853
1393,854
1394,855
1395,856
1396,857
1397,858
1398,859
1399,860
1400,861
1401,862
1402,863
1403,864
1404,865
1405,866
1406,867
1407,868
1408,20
1409,388
1410,387
1411,869
1412,385
1413,870
1414,871
1415,872
1416,381
1417,873
1418,874
1419,875
1420,876
1421,877
1422,878
1423,879
1424,374
1425,880
1426,881
1427,882
1428,883
1429,884
1430,885
1431,886
1432,887
1433,888
1434,889
1435,890
1436,891
1437,892
1438,893
1439,894
1440,366
1441,895
1442,896
1443,897
1444,898
1445,899
1446,900
1447,901
1448,902
1449,903
1450,904
1451,905
1452,906
1453,907
1454,908
1455,909
1456,910
1457,911
1458,912
1459,913
1460,914
1461,915
1462,916
1463,917
1464,918
1465,919
1466,920
1467,921
1468,922
1469,923
1470,924
1471,925
1472,360
1473,926
1474,927
1475,928
1476,929
1477,930
1478,931
1479,932
1480,933
1481,934
1482,935
1483,936
1484,937
1485,938
1486,939
1487,940
1488,941
1489,942
1490,943
1491,944
1492,945
1493,946
1494,947
1495,948
1496,949
1497,950
1498,951
1499,952
1500,953
1501,954
1502,955
1503,956
1504,957
1505,958
1506,959
1507,960
1508,961
1509,962
1510,963
1511,964
1512,965
1513,966
1514,967
1515,968
1516,969
1517,970
1518,971
1519,972
1520,973
1521,974
1522,975
1523,976
1524,977
1525,978
1526,979
1527,980
1528,981
1529,982
1530,983
1531,984
1532,985
1533,986
1534,987
1535,988
1536,3
1537,294
1538,174
1539,323
1540,81
1541,321
1542,320
1543,350
1544,97
1545,332
1546,331
1547,346
1548,329
1549,344
1550,343
1551,989
1552,64
1553,336
1554,335
1555,338
1556,337
1557,990
1558,991
1559,992
1560,333
1561,993
1562,994
1563,995
1564,996
1565,997
1566,998
1567,999
1568,46
1569,325
1570,324
1571,1000
1572,322
1573,1001
1574,1002
1575,1003
1576,318
1577,1004
1578,1005
1579,1006
1580,1007
1581,1008
1582,1009
1583,1010
1584,310
1585,1011
1586,1012
1587,1013
1588,1014
1589,1015
1590,1016
1591,1017
1592,1018
1593,1019
1594,1020
1595,1021
1596,1022
1597,1023
1598,1024
1599,1025
1600,32
1601,1026
1602,293
1603,1027
1604,291
1605,1028
1606,1029
1607,1030
1608,287
1609,1031
1610,1032
1611,1033
1612,1034
1613,1035
1614,1036
1615,1037
1616,1038
1617,1039
1618,1040
1619,1041
1620,1042
1621,1043
1622,1044
1623,1045
1624,1046
1625,1047
1626,1048
1627,1049
1628,1050
1629,1051
1630,1052
1631,1053
1632,1054
1633,1055
1634,1056
1635,1057
1636,1058
1637,1059
1638,1060
1639,1061
1640,1062
1641,1063
1642,1064
1643,1065
1644,1066
1645,1067
1646,1068
1647,1069
1648,1070
1649,1071
1650,1072
1651,1073
1652,1074
1653,1075
1654,1076
1655,1077
1656,1078
1657,1079
1658,1080
1659,1081
1660,1082
1661,1083
1662,1084
1663,1085
1664,21
1665,1086
1666,237
1667,1087
1668,235
1669,1088
1670,1089
1671,1090
1672,231
1673,1091
1674,1092
1675,1093
1676,1094
1677,1095
1678,1096
1679,1097
1680,1098
1681,1099
1682,1100
1683,1101
1684,1102
1685,1103
1686,1104
1687,1105
1688,1106
1689,1107
1690,1108
1691,1109
1692,1110
1693,1111
1694,1112
1695,1113
1696,55
1697,1114
1698,1115
1699,1116
1700,1117
1701,1118
1702,1119
1703,1120
1704,1121
1705,1122
1706,1123
1707,1124
1708,1125
1709,1126
1710,1127
1711,1128
1712,1129
1713,1130
1714,1131
1715,1132
1716,1133
1717,1134
1718,1135
1719,1136
1720,1137
1721,1138
1722,1139
1723,1140
1724,1141
1725,1142
1726,1143
1727,1144
1728,190
1729,1145
1730,1146
1731,1147
1732,1148
1733,1149
1734,1150
1735,1151
1736,1152
1737,1153
1738,1154
1739,1155
1740,1156
1741,1157
1742,1158
1743,1159
1744,1160
1745,1161
1746,1162
1747,1163
1748,1164
1749,1165
1750,1166
1751,1167
1752,1168
1753,1169
1754,1170
1755,1171
1756,1172
1757,1173
1758,1174
1759,1175
1760,1176
1761,1177
1762,1178
1763,1179
1764,1180
1765,1181
1766,1182
1767,1183
1768,1184
1769,1185
1770,1186
1771,1187
1772,1188
1773,1189
1774,1190
1775,1191
1776,1192
1777,1193
1778,1194
1779,1195
1780,1196
1781,1197
1782,1198
1783,1199
1784,1200
1785,1201
1786,1202
1787,1203
1788,1204
1789,1205
1790,1206
1791,1207
1792,4
1793,1208
1794,1209
1795,1210
1796,1211
1797,1212
1798,1213
1799,1214
1800,168
1801,1215
1802,1216
1803,1217
1804,1218
1805,1219
1806,1220
1807,1221
1808,160
1809,1222
1810,1223
1811,1224
1812,1225
1813,1226
1814,1227
1815,1228
1816,1229
1817,1230
1818,1231
1819,1232
1820,1233
1821,1234
1822,1235
1823,1236
1824,47
1825,1237
1826,1238
1827,1239
1828,1240
1829,1241
1830,1242
1831,1243
1832,1244
1833,1245
1834,1246
1835,1247
1836,1248
1837,1249
1838,1250
1839,1251
1840,1252
1841,1253
1842,1254
1843,1255
1844,1256
1845,1257
1846,1258
1847,1259
1848,1260
1849,1261
1850,1262
1851,1263
1852,1264
1853,1265
1854,1266
1855,1267
1856,37
1857,1268
1858,1269
1859,1270
1860,1271
1861,1272
1862,1273
1863,1274
1864,1275
1865,1276
1866,1277
1867,1278
1868,1279
1869,1280
1870,1281
1871,1282
1872,1283
1873,1284
1874,1285
1875,1286
1876,1287
1877,1288
1878,1289
1879,1290
1880,1291
1881,1292
1882,1293
1883,1294
1884,1295
1885,1296
1886,1297
1887,1298
1888,1299
1889,1300
1890,1301
1891,1302
1892,1303
1893,1304
1894,1305
1895,1306
1896,1307
1897,1308
1898,1309
1899,1310
1900,1311
1901,1312
1902,1313
1903,1314
1904,1315
1905,1316
1906,1317
1907,1318
1908,1319
1909,1320
1910,1321
1911,1322
1912,1323
1913,1324
1914,1325
1915,1326
1916,1327
1917,1328
1918,1329
1919,1330
1920,23
1921,1331
1922,1332
1923,1333
1924,1334
1925,1335
1926,1336
1927,1337
1928,1338
1929,1339
1930,1340
1931,1341
1932,1342
1933,1343
1934,1344
1935,1345
1936,1346
1937,1347
1938,1348
1939,1349
1940,1350
1941,1351
1942,1352
1943,1353
1944,1354
1945,1355
1946,1356
1947,1357
1948,1358
1949,1359
1950,1360
1951,1361
1952,1362
1953,1363
1954,1364
1955,1365
1956,1366
1957,1367
1958,1368
1959,1369
1960,1370
1961,1371
1962,1372
1963,1373
1964,1374
1965,1375
1966,1376
1967,1377
1968,1378
1969,1379
1970,1380
1971,1381
1972,1382
1973,1383
1974,1384
1975,1385
1976,1386
1977,1387
1978,1388
1979,1389
1980,1390
1981,1391
1982,1392
1983,1393
1984,1394
1985,1395
1986,1396
1987,1397
1988,1398
1989,1399
1990,1400
1991,1401
1992,1402
1993,1403
1994,1404
1995,1405
1996,1406
1997,1407
1998,1408
1999,1409
2000,1410
2001,1411
2002,1412
2003,1413
2004,1414
2005,1415
2006,1416
2007,1417
2008,1418
2009,1419
2010,1420
2011,1421
2012,1422
2013,1423
2014,1424
2015,1425
2016,1426
2017,1427
2018,1428
2019,1429
2020,1430
2021,1431
2022,1432
2023,1433
2024,1434
2025,1435
2026,1436
2027,1437
2028,1438
2029,1439
2030,1440
2031,1441
2032,1442
2033,1443
2034,1444
2035,1445
2036,1446
2037,1447
2038,1448
2039,1449
2040,1450
2041,1451
2042,1452
2043,1453
2044,1454
2045,1455
2046,1456
2047,1457
2048,0
2049,220
2050,225
2051,354
2052,112
2053,352
2054,351
2055,480
2056,150
2057,348
2058,347
2059,476
2060,345
2061,474
2062,473
2063,644
2064,100
2065,340
2066,339
2067,468
2068,465
2069,576
2070,575
2071,636
2072,463
2073,572
2074,571
2075,663
2076,569
2077,630
2078,660
2079,691
2080,48
2081,455
2082,454
2083,562
2084,452
2085,560
2086,559
2087,621
2088,448
2089,556
2090,555
2091,617
2092,553
2093,661
2094,675
2095,941
2096,441
2097,548
2098,547
2099,667
2100,608
2101,669
2102,668
2103,933
2104,604
2105,665
2106,664
2107,929
2108,662
2109,927
2110,926
2111,1394
2112,34
2113,427
2114,426
2115,532
2116,424
2117,530
2118,622
2119,652
2120,527
2121,619
2122,618
2123,648
2124,616
2125,646
2126,645
2127,910
2128,519
2129,611
2130,610
2131,640
2132,631
2133,638
2134,637
2135,902
2136,633
2137,634
2138,870
2139,898
2140,869
2141,896
2142,895
2143,1362
2144,505
2145,623
2146,625
2147,876
2148,624
2149,874
2150,873
2151,887
2152,620
2153,871
2154,880
2155,883
2156,881
2157,1098
2158,1086
2159,1346
2160,612
2161,878
2162,877
2163,1094
2164,875
2165,1092
2166,1091
2167,1338
2168,872
2169,1089
2170,1088
2171,1211
2172,1087
2173,1209
2174,1208
2175,1458
2176,6
2177,498
2178,533
2179,578
2180,210
2181,584
2182,583
2183,590
2184,197
2185,586
2186,587
2187,801
2188,585
2189,824
2190,823
2191,853
2192,549
2193,580
2194,579
2195,819
2196,577
2197,817
2198,816
2199,845
2200,573
2201,814
2202,813
2203,841
2204,838
2205,839
2206,1026
2207,1054
2208,208
2209,564
2210,563
2211,826
2212,561
2213,830
2214,831
2215,1038
2216,557
2217,828
2218,827
2219,1042
2220,825
2221,1040
2222,1039
2223,1283
2224,815
2225,821
2226,820
2227,1034
2228,818
2229,1032
2230,1031
2231,1275
2232,1027
2233,1029
2234,1028
2235,1271
2236,1210
2237,1269
2238,1268
2239,1459
2240,531
2241,534
2242,792
2243,805
2244,791
2245,807
2246,806
2247,1018
2248,790
2249,803
2250,802
2251,1014
2252,800
2253,1012
2254,1011
2255,1252
2256,795
2257,798
2258,797
2259,1007
2260,796
2261,1005
2262,1004
2263,1244
2264,1000
2265,1002
2266,1001
2267,1240
2268,1237
2269,1238
2270,1460
2271,1461
2272,793
2273,991
2274,990
2275,996
2276,993
2277,994
2278,1215
2279,1229
2280,992
2281,1213
2282,1212
2283,1225
2284,1222
2285,1223
2286,1462
2287,1463
2288,989
2289,1216
2290,1218
2291,1464
2292,1217
2293,1465
2294,1466
2295,1467
2296,1214
2297,1468
2298,1469
2299,1470
2300,1471
2301,1472
2302,1473
2303,1474
2304,3
2305,397
2306,469
2307,484
2308,375
2309,482
2310,481
2311,766
2312,151
2313,478
2314,477
2315,762
2316,475
2317,760
2318,774
2319,1070
2320,368
2321,470
2322,746
2323,770
2324,467
2325,768
2326,767
2327,1062
2328,744
2329,764
2330,763
2331,1058
2332,761
2333,1056
2334,1055
2335,1176
2336,133
2337,747
2338,750
2339,756
2340,745
2341,754
2342,753
2343,1046
2344,749
2345,751
2346,1043
2347,1102
2348,1041
2349,1100
2350,1099
2351,1160
2352,748
2353,1036
2354,1035
2355,1148
2356,1033
2357,1146
2358,1145
2359,1152
2360,1030
2361,1150
2362,1149
2363,1475
2364,1147
2365,1476
2366,1477
2367,1478
2368,39
2369,732
2370,734
2371,740
2372,737
2373,738
2374,1019
2375,1106
2376,735
2377,1016
2378,1015
2379,1117
2380,1013
2381,1115
2382,1114
2383,1129
2384,733
2385,1009
2386,1008
2387,1121
2388,1006
2389,1123
2390,1122
2391,1479
2392,1003
2393,1119
2394,1118
2395,1480
2396,1116
2397,1481
2398,1482
2399,1483
2400,731
2401,998
2402,997
2403,1110
2404,995
2405,1108
2406,1107
2407,1484
2408,1090
2409,1104
2410,1103
2411,1485
2412,1101
2413,1486
2414,1487
2415,1488
2416,1093
2417,1096
2418,1095
2419,1489
2420,1490
2421,1491
2422,1492
2423,1493
2424,1494
2425,1495
2426,1496
2427,1497
2428,1498
2429,1499
2430,1500
2431,1501
2432,16
2433,729
2434,728
2435,1022
2436,727
2437,1020
2438,1047
2439,1078
2440,726
2441,1044
2442,1059
2443,1074
2444,1057
2445,1072
2446,1071
2447,1502
2448,725
2449,1060
2450,1063
2451,1066
2452,1064
2453,1503
2454,1504
2455,1505
2456,1061
2457,1506
2458,1507
2459,1508
2460,1509
2461,1510
2462,1511
2463,1512
2464,724
2465,1048
2466,1050
2467,1513
2468,1049
2469,1514
2470,1515
2471,1516
2472,1045
2473,1517
2474,1518
2475,1519
2476,1520
2477,1521
2478,1522
2479,1523
2480,1037
2481,1524
2482,1525
2483,1526
2484,1527
2485,1528
2486,1529
2487,1530
2488,1531
2489,1532
2490,1533
2491,1534
2492,1535
2493,1536
2494,1537
2495,1538
2496,723
2497,1024
2498,1023
2499,1539
2500,1021
2501,1540
2502,1541
2503,1542
2504,1017
2505,1543
2506,1544
2507,1545
2508,1546
2509,1547
2510,1548
2511,1549
2512,1010
2513,1550
2514,1551
2515,1552
2516,1553
2517,1554
2518,1555
2519,1556
2520,1557
2521,1558
2522,1559
2523,1560
2524,1561
2525,1562
2526,1563
2527,1564
2528,999
2529,1565
2530,1566
2531,1567
2532,1568
2533,1569
2534,1570
2535,1571
2536,1572
2537,1573
2538,1574
2539,1575
2540,1576
2541,1577
2542,1578
2543,1579
2544,1580
2545,1581
2546,1582
2547,1583
2548,1584
2549,1585
2550,1586
2551,1587
2552,1588
2553,1589
2554,1590
2555,1591
2556,1592
2557,1593
2558,1594
2559,1595
2560,2
2561,319
2562,285
2563,778
2564,353
2565,776
2566,775
2567,782
2568,283
2569,780
2570,779
2571,857
2572,777
2573,855
2574,854
2575,957
2576,121
2577,772
2578,771
2579,849
2580,769
2581,847
2582,846
2583,965
2584,765
2585,843
2586,842
2587,961
2588,840
2589,959
2590,958
2591,1596
2592,92
2593,758
2594,757
2595,834
2596,755
2597,832
2598,888
2599,949
2600,752
2601,885
2602,884
2603,945
2604,882
2605,943
2606,942
2607,1597
2608,822
2609,931
2610,930
2611,937
2612,928
2613,935
2614,934
2615,1598
2616,932
2617,1599
2618,1600
2619,1601
2620,1602
2621,1603
2622,1604
2623,1605
2624,87
2625,742
2626,741
2627,809
2628,739
2629,889
2630,903
2631,918
2632,736
2633,900
2634,899
2635,914
2636,897
2637,912
2638,911
2639,1606
2640,799
2641,904
2642,906
2643,1607
2644,905
2645,1608
2646,1609
2647,1610
2648,901
2649,1611
2650,1612
2651,1613
2652,1614
2653,1615
2654,1616
2655,1617
2656,794
2657,891
2658,892
2659,1618
2660,890
2661,1619
2662,1620
2663,1621
2664,886
2665,1622
2666,1623
2667,1624
2668,1625
2669,1626
2670,1627
2671,1628
2672,879
2673,1629
2674,1630
2675,1631
2676,1632
2677,1633
2678,1634
2679,1635
2680,1636
2681,1637
2682,1638
2683,1639
2684,1640
2685,1641
2686,1642
2687,1643
2688,25
2689,811
2690,810
2691,861
2692,808
2693,863
2694,862
2695,1644
2696,804
2697,859
2698,858
2699,1645
2700,856
2701,1646
2702,1647
2703,1648
2704,844
2705,851
2706,850
2707,1649
2708,848
2709,1650
2710,1651
2711,1652
2712,1653
2713,1654
2714,1655
2715,1656
2716,1657
2717,1658
2718,1659
2719,1660
2720,829
2721,836
2722,835
2723,1661
2724,833
2725,1662
2726,1663
2727,1664
2728,1665
2729,1666
2730,1667
2731,1668
2732,1669
2733,1670
2734,1671
2735,1672
2736,1673
2737,1674
2738,1675
2739,1676
2740,1677
2741,1678
2742,1679
2743,1680
2744,1681
2745,1682
2746,1683
2747,1684
2748,1685
2749,1686
2750,1687
2751,1688
2752,812
2753,1689
2754,1690
2755,1691
2756,1692
2757,1693
2758,1694
2759,1695
2760,1696
2761,1697
2762,1698
2763,1699
2764,1700
2765,1701
2766,1702
2767,1703
2768,1704
2769,1705
2770,1706
2771,1707
2772,1708
2773,1709
2774,1710
2775,1711
2776,1712
2777,1713
2778,1714
2779,1715
2780,1716
2781,1717
2782,1718
2783,1719
2784,1720
2785,1721
2786,1722
2787,1723
2788,1724
2789,1725
2790,1726
2791,1727
2792,1728
2793,1729
2794,1730
2795,1731
2796,1732
2797,1733
2798,1734
2799,1735
2800,1736
2801,1737
2802,1738
2803,1739
2804,1740
2805,1741
2806,1742
2807,1743
2808,1744
2809,1745
2810,1746
2811,1747
2812,1748
2813,1749
2814,1750
2815,1751
2816,11
2817,784
2818,783
2819,786
2820,785
2821,1752
2822,1753
2823,1754
2824,781
2825,1755
2826,1756
2827,1757
2828,1758
2829,1759
2830,1760
2831,1761
2832,773
2833,1762
2834,1763
2835,1764
2836,1765
2837,1766
2838,1767
2839,1768
2840,1769
2841,1770
2842,1771
2843,1772
2844,1773
2845,1774
2846,1775
2847,1776
2848,145
2849,1777
2850,1778
2851,1779
2852,1780
2853,1781
2854,1782
2855,1783
2856,1784
2857,1785
2858,1786
2859,1787
2860,1788
2861,1789
2862,1790
2863,1791
2864,1792
2865,1793
2866,1794
2867,1795
2868,1796
2869,1797
2870,1798
2871,1799
2872,1800
2873,1801
2874,1802
2875,1803
2876,1804
2877,1805
2878,1806
2879,1807
2880,119
2881,1808
2882,1809
2883,1810
2884,1811
2885,1812
2886,1813
2887,1814
2888,1815
2889,1816
2890,1817
2891,1818
2892,1819
2893,1820
2894,1821
2895,1822
2896,1823
2897,1824
2898,1825
2899,1826
2900,1827
2901,1828
2902,1829
2903,1830
2904,1831
2905,1832
2906,1833
2907,1834
2908,1835
2909,1836
2910,1837
2911,1838
2912,1839
2913,1840
2914,1841
2915,1842
2916,1843
2917,1844
2918,1845
2919,1846
2920,1847
2921,1848
2922,1849
2923,1850
2924,1851
2925,1852
2926,1853
2927,1854
2928,1855
2929,1856
2930,1857
2931,1858
2932,1859
2933,1860
2934,1861
2935,1862
2936,1863
2937,1864
2938,1865
2939,1866
2940,1867
2941,1868
2942,1869
2943,1870
2944,26
2945,1871
2946,1872
2947,1873
2948,1874
2949,1875
2950,1876
2951,1877
2952,1878
2953,1879
2954,1880
2955,1881
2956,1882
2957,1883
2958,1884
2959,1885
2960,1886
2961,1887
2962,1888
2963,1889
2964,1890
2965,1891
2966,1892
2967,1893
2968,1894
2969,1895
2970,1896
2971,1897
2972,1898
2973,1899
2974,1900
2975,1901
2976,1902
2977,1903
2978,1904
2979,1905
2980,1906
2981,1907
2982,1908
2983,1909
2984,1910
2985,1911
2986,1912
2987,1913
2988,1914
2989,1915
2990,1916
2991,1917
2992,1918
2993,1919
2994,1920
2995,1921
2996,1922
2997,1923
2998,1924
2999,1925
3000,1926
3001,1927
3002,1928
3003,1929
3004,1930
3005,1931
3006,1932
3007,1933
3008,1934
3009,1935
3010,1936
3011,1937
3012,1938
3013,1939
3014,1940
3015,1941
3016,1942
3017,1943
3018,1944
3019,1945
3020,1946
3021,1947
3022,1948
3023,1949
3024,1950
3025,1951
3026,1952
3027,1953
3028,1954
3029,1955
3030,1956
3031,1957
3032,1958
3033,1959
3034,1960
3035,1961
3036,1962
3037,1963
3038,1964
3039,1965
3040,1966
3041,1967
3042,1968
3043,1969
3044,1970
3045,1971
3046,1972
3047,1973
3048,1974
3049,1975
3050,1976
3051,1977
3052,1978
3053,1979
3054,1980
3055,1981
3056,1982
3057,1983
3058,1984
3059,1985
3060,1986
3061,1987
3062,1988
3063,1989
3064,1990
3065,1991
3066,1992
3067,1993
3068,1994
3069,1995
3070,1996
3071,1997
3072,1
3073,255
3074,280
3075,594
3076,218
3077,592
3078,591
3079,683
3080,252
3081,588
3082,649
3083,679
3084,647
3085,677
3086,676
3087,707
3088,122
3089,642
3090,641
3091,671
3092,639
3093,693
3094,692
3095,699
3096,635
3097,695
3098,696
3099,1998
3100,694
3101,1999
3102,2000
3103,2001
3104,93
3105,627
3106,626
3107,687
3108,670
3109,685
3110,684
3111,2002
3112,666
3113,681
3114,680
3115,2003
3116,678
3117,2004
3118,2005
3119,2006
3120,672
3121,673
3122,2007
3123,2008
3124,2009
3125,2010
3126,2011
3127,2012
3128,2013
3129,2014
3130,2015
3131,2016
3132,2017
3133,2018
3134,2019
3135,2020
3136,88
3137,650
3138,653
3139,656
3140,654
3141,2021
3142,2022
3143,2023
3144,651
3145,2024
3146,2025
3147,2026
3148,2027
3149,2028
3150,2029
3151,2030
3152,643
3153,2031
3154,2032
3155,2033
3156,2034
3157,2035
3158,2036
3159,2037
3160,2038
3161,2039
3162,2040
3163,2041
3164,2042
3165,2043
3166,2044
3167,2045
3168,628
3169,2046
3170,2047
3171,2048
3172,2049
3173,2050
3174,2051
3175,2052
3176,2053
3177,2054
3178,2055
3179,2056
3180,2057
3181,2058
3182,2059
3183,2060
3184,2061
3185,2062
3186,2063
3187,2064
3188,2065
3189,2066
3190,2067
3191,2068
3192,2069
3193,2070
3194,2071
3195,2072
3196,2073
3197,2074
3198,2075
3199,2076
3200,18
3201,596
3202,595
3203,2077
3204,593
3205,2078
3206,2079
3207,2080
3208,589
3209,2081
3210,2082
3211,2083
3212,2084
3213,2085
3214,2086
3215,2087
3216,581
3217,2088
3218,2089
3219,2090
3220,2091
3221,2092
3222,2093
3223,2094
3224,2095
3225,2096
3226,2097
3227,2098
3228,2099
3229,2100
3230,2101
3231,2102
3232,565
3233,2103
3234,2104
3235,2105
3236,2106
3237,2107
3238,2108
3239,2109
3240,2110
3241,2111
3242,2112
3243,2113
3244,2114
3245,2115
3246,2116
3247,2117
3248,2118
3249,2119
3250,2120
3251,2121
3252,2122
3253,2123
3254,2124
3255,2125
3256,2126
3257,2127
3258,2128
3259,2129
3260,2130
3261,2131
3262,2132
3263,2133
3264,535
3265,2134
3266,2135
3267,2136
3268,2137
3269,2138
3270,2139
3271,2140
3272,2141
3273,2142
3274,2143
3275,2144
3276,2145
3277,2146
3278,2147
3279,2148
3280,2149
3281,2150
3282,2151
3283,2152
3284,2153
3285,2154
3286,2155
3287,2156
3288,2157
3289,2158
3290,2159
3291,2160
3292,2161
3293,2162
3294,2163
3295,2164
3296,2165
3297,2166
3298,2167
3299,2168
3300,2169
3301,2170
3302,2171
3303,2172
3304,2173
3305,2174
3306,2175
3307,2176
3308,2177
3309,2178
3310,2179
3311,2180
3312,2181
3313,2182
3314,2183
3315,2184
3316,2185
3317,2186
3318,2187
3319,2188
3320,2189
3321,2190
3322,2191
3323,2192
3324,2193
3325,2194
3326,2195
3327,2196
3328,13
3329,486
3330,485
3331,2197
3332,483
3333,2198
3334,2199
3335,2200
3336,479
3337,2201
3338,2202
3339,2203
3340,2204
3341,2205
3342,2206
3343,2207
3344,471
3345,2208
3346,2209
3347,2210
3348,2211
3349,2212
3350,2213
3351,2214
3352,2215
3353,2216
3354,2217
3355,2218
3356,2219
3357,2220
3358,2221
3359,2222
3360,135
3361,2223
3362,2224
3363,2225
3364,2226
3365,2227
3366,2228
3367,2229
3368,2230
3369,2231
3370,2232
3371,2233
3372,2234
3373,2235
3374,2236
3375,2237
3376,2238
3377,2239
3378,2240
3379,2241
3380,2242
3381,2243
3382,2244
3383,2245
3384,2246
3385,2247
3386,2248
3387,2249
3388,2250
3389,2251
3390,2252
3391,2253
3392,116
3393,2254
3394,2255
3395,2256
3396,2257
3397,2258
3398,2259
3399,2260
3400,2261
3401,2262
3402,2263
3403,2264
3404,2265
3405,2266
3406,2267
3407,2268
3408,2269
3409,2270
3410,2271
3411,2272
3412,2273
3413,2274
3414,2275
3415,2276
3416,2277
3417,2278
3418,2279
3419,2280
3420,2281
3421,2282
3422,2283
3423,2284
3424,2285
3425,2286
3426,2287
3427,2288
3428,2289
3429,2290
3430,2291
3431,2292
3432,2293
3433,2294
3434,2295
3435,2296
3436,2297
3437,2298
3438,2299
3439,2300
3440,2301
3441,2302
3442,2303
3443,2304
3444,2305
3445,2306
3446,2307
3447,2308
3448,2309
3449,2310
3450,2311
3451,2312
3452,2313
3453,2314
3454,2315
3455,2316
3456,24
3457,2317
3458,2318
3459,2319
3460,2320
3461,2321
3462,2322
3463,2323
3464,2324
3465,2325
3466,2326
3467,2327
3468,2328
3469,2329
3470,2330
3471,2331
3472,2332
3473,2333
3474,2334
3475,2335
3476,2336
3477,2337
3478,2338
3479,2339
3480,2340
3481,2341
3482,2342
3483,2343
3484,2344
3485,2345
3486,2346
3487,2347
3488,2348
3489,2349
3490,2350
3491,2351
3492,2352
3493,2353
3494,2354
3495,2355
3496,2356
3497,2357
3498,2358
3499,2359
3500,2360
3501,2361
3502,2362
3503,2363
3504,2364
3505,2365
3506,2366
3507,2367
3508,2368
3509,2369
3510,2370
3511,2371
3512,2372
3513,2373
3514,2374
3515,2375
3516,2376
3517,2377
3518,2378
3519,2379
3520,2380
3521,2381
3522,2382
3523,2383
3524,2384
3525,2385
3526,2386
3527,2387
3528,2388
3529,2389
3530,2390
3531,2391
3532,2392
3533,2393
3534,2394
3535,2395
3536,2396
3537,2397
3538,2398
3539,2399
3540,2400
3541,2401
3542,2402
3543,2403
3544,2404
3545,2405
3546,2406
3547,2407
3548,2408
3549,2409
3550,2410
3551,2411
3552,2412
3553,2413
3554,2414
3555,2415
3556,2416
3557,2417
3558,2418
3559,2419
3560,2420
3561,2421
3562,2422
3563,2423
3564,2424
3565,2425
3566,2426
3567,2427
3568,2428
3569,2429
3570,2430
3571,2431
3572,2432
3573,2433
3574,2434
3575,2435
3576,2436
3577,2437
3578,2438
3579,2439
3580,2440
3581,2441
3582,2442
3583,2443
3584,8
3585,356
3586,355
3587,2444
3588,2445
3589,2446
3590,2447
3591,2448
3592,349
3593,2449
3594,2450
3595,2451
3596,2452
3597,2453
3598,2454
3599,2455
3600,124
3601,2456
3602,2457
3603,2458
3604,2459
3605,2460
3606,2461
3607,2462
3608,2463
3609,2464
3610,2465
3611,2466
3612,2467
3613,2468
3614,2469
3615,2470
3616,120
3617,2471
3618,2472
3619,2473
3620,2474
3621,2475
3622,2476
3623,2477
3624,2478
3625,2479
3626,2480
3627,2481
3628,2482
3629,2483
3630,2484
3631,2485
3632,2486
3633,2487
3634,2488
3635,2489
3636,2490
3637,2491
3638,2492
3639,2493
3640,2494
3641,2495
3642,2496
3643,2497
3644,2498
3645,2499
3646,2500
3647,2501
3648,90
3649,2502
3650,2503
3651,2504
3652,2505
3653,2506
3654,2507
3655,2508
3656,2509
3657,2510
3658,2511
3659,2512
3660,2513
3661,2514
3662,2515
3663,2516
3664,2517
3665,2518
3666,2519
3667,2520
3668,2521
3669,2522
3670,2523
3671,2524
3672,2525
3673,2526
3674,2527
3675,2528
3676,2529
3677,2530
3678,2531
3679,2532
3680,2533
3681,2534
3682,2535
3683,2536
3684,2537
3685,2538
3686,2539
3687,2540
3688,2541
3689,2542
3690,2543
3691,2544
3692,2545
3693,2546
3694,2547
3695,2548
3696,2549
3697,2550
3698,2551
3699,2552
3700,2553
3701,2554
3702,2555
3703,2556
3704,2557
3705,2558
3706,2559
3707,2560
3708,2561
3709,2562
3710,2563
3711,2564
3712,29
3713,2565
3714,2566
3715,2567
3716,2568
3717,2569
3718,2570
3719,2571
3720,2572
3721,2573
3722,2574
3723,2575
3724,2576
3725,2577
3726,2578
3727,2579
3728,2580
3729,2581
3730,2582
3731,2583
3732,2584
3733,2585
3734,2586
3735,2587
3736,2588
3737,2589
3738,2590
3739,2591
3740,2592
3741,2593
3742,2594
3743,2595
3744,2596
3745,2597
3746,2598
3747,2599
3748,2600
3749,2601
3750,2602
3751,2603
3752,2604
3753,2605
3754,2606
3755,2607
3756,2608
3757,2609
3758,2610
3759,2611
3760,2612
3761,2613
3762,2614
3763,2615
3764,2616
3765,2617
3766,2618
3767,2619
3768,2620
3769,2621
3770,2622
3771,2623
3772,2624
3773,2625
3774,2626
3775,2627
3776,2628
3777,2629
3778,2630
3779,2631
3780,2632
3781,2633
3782,2634
3783,2635
3784,2636
3785,2637
3786,2638
3787,2639
3788,2640
3789,2641
3790,2642
3791,2643
3792,2644
3793,2645
3794,2646
3795,2647
3796,2648
3797,2649
3798,2650
3799,2651
3800,2652
3801,2653
3802,2654
3803,2655
3804,2656
3805,2657
3806,2658
3807,2659
3808,2660
3809,2661
3810,2662
3811,2663
3812,2664
3813,2665
3814,2666
3815,2667
3816,2668
3817,2669
3818,2670
3819,2671
3820,2672
3821,2673
3822,2674
3823,2675
3824,2676
3825,2677
3826,2678
3827,2679
3828,2680
3829,2681
3830,2682
3831,2683
3832,2684
3833,2685
3834,2686
3835,2687
3836,2688
3837,2689
3838,2690
3839,2691
3840,27
3841,2692
3842,2693
3843,2694
3844,2695
3845,2696
3846,2697
3847,2698
3848,2699
3849,2700
3850,2701
3851,2702
3852,2703
3853,2704
3854,2705
3855,2706
3856,2707
3857,2708
3858,2709
3859,2710
3860,2711
3861,2712
3862,2713
3863,2714
3864,2715
3865,2716
3866,2717
3867,2718
3868,2719
3869,2720
3870,2721
3871,2722
3872,2723
3873,2724
3874,2725
3875,2726
3876,2727
3877,2728
3878,2729
3879,2730
3880,2731
3881,2732
3882,2733
3883,2734
3884,2735
3885,2736
3886,2737
3887,2738
3888,2739
3889,2740
3890,2741
3891,2742
3892,2743
3893,2744
3894,2745
3895,2746
3896,2747
3897,2748
3898,2749
3899,2750
3900,2751
3901,2752
3902,2753
3903,2754
3904,2755
3905,2756
3906,2757
3907,2758
3908,2759
3909,2760
3910,2761
3911,2762
3912,2763
3913,2764
3914,2765
3915,2766
3916,2767
3917,2768
3918,2769
3919,2770
3920,2771
3921,2772
3922,2773
3923,2774
3924,2775
3925,2776
3926,2777
3927,2778
3928,2779
3929,2780
3930,2781
3931,2782
3932,2783
3933,2784
3934,2785
3935,2786
3936,2787
3937,2788
3938,2789
3939,2790
3940,2791
3941,2792
3942,2793
3943,2794
3944,2795
3945,2796
3946,2797
3947,2798
3948,2799
3949,2800
3950,2801
3951,2802
3952,2803
3953,2804
3954,2805
3955,2806
3956,2807
3957,2808
3958,2809
3959,2810
3960,2811
3961,2812
3962,2813
3963,2814
3964,2815
3965,2816
3966,2817
3967,2818
3968,30
3969,2819
3970,2820
3971,2821
3972,2822
3973,2823
3974,2824
3975,2825
3976,2826
3977,2827
3978,2828
3979,2829
3980,2830
3981,2831
3982,2832
3983,2833
3984,2834
3985,2835
3986,2836
3987,2837
3988,2838
3989,2839
3990,2840
3991,2841
3992,2842
3993,2843
3994,2844
3995,2845
3996,2846
3997,2847
3998,2848
3999,2849
4000,2850
4001,2851
4002,2852
4003,2853
4004,2854
4005,2855
4006,2856
4007,2857
4008,2858
4009,2859
4010,2860
4011,2861
4012,2862
4013,2863
4014,2864
4015,2865
4016,2866
4017,2867
4018,2868
4019,2869
4020,2870
4021,2871
4022,2872
4023,2873
4024,2874
4025,2875
4026,2876
4027,2877
4028,2878
4029,2879
4030,2880
4031,2881
4032,2882
4033,2883
4034,2884
4035,2885
4036,2886
4037,2887
4038,2888
4039,2889
4040,2890
4041,2891
4042,2892
4043,2893
4044,2894
4045,2895
4046,2896
4047,2897
4048,2898
4049,2899
4050,2900
4051,2901
4052,2902
4053,2903
4054,2904
4055,2905
4056,2906
4057,2907
4058,2908
4059,2909
4060,2910
4061,2911
4062,2912
4063,2913
4064,2914
4065,2915
4066,2916
4067,2917
4068,2918
4069,2919
4070,2920
4071,2921
4072,2922
4073,2923
4074,2924
4075,2925
4076,2926
4077,2927
4078,2928
4079,2929
4080,2930
4081,2931
4082,2932
4083,2933
4084,2934
4085,2935
4086,2936
4087,2937
4088,2938
4089,2939
4090,2940
4091,2941
4092,2942
4093,2943
4094,2944
4095,2945
4096,0
4097,405
4098,296
4099,703
4100,335
4101,701
4102,700
4103,715
4104,254
4105,697
4106,708
4107,711
4108,709
4109,973
4110,974
4111,1192
4112,125
4113,705
4114,704
4115,969
4116,702
4117,967
4118,966
4119,1184
4120,698
4121,963
4122,962
4123,1180
4124,960
4125,1178
4126,1177
4127,1299
4128,136
4129,689
4130,688
4131,953
4132,686
4133,951
4134,950
4135,1168
4136,682
4137,947
4138,946
4139,1164
4140,944
4141,1162
4142,1161
4143,1410
4144,674
4145,939
4146,938
4147,1156
4148,936
4149,1154
4150,1153
4151,1402
4152,1151
4153,1273
4154,1272
4155,1334
4156,1270
4157,1332
4158,1331
4159,1934
4160,95
4161,658
4162,657
4163,922
4164,655
4165,920
4166,919
4167,1137
4168,913
4169,916
4170,915
4171,1133
4172,1130
4173,1131
4174,1253
4175,1378
4176,907
4177,908
4178,1125
4179,1248
4180,1124
4181,1246
4182,1245
4183,1370
4184,1120
4185,1242
4186,1241
4187,1366
4188,1239
4189,1364
4190,1363
4191,1902
4192,893
4193,1112
4194,1111
4195,1233
4196,1109
4197,1231
4198,1230
4199,1354
4200,1105
4201,1227
4202,1226
4203,1350
4204,1224
4205,1348
4206,1347
4207,1886
4208,1097
4209,1220
4210,1219
4211,1342
4212,1333
4213,1340
4214,1339
4215,1878
4216,1335
4217,1336
4218,1752
4219,1874
4220,1871
4221,1872
4222,2317
4223,2946
4224,31
4225,508
4226,536
4227,865
4228,506
4229,1080
4230,1079
4231,1260
4232,380
4233,1076
4234,1075
4235,1256
4236,1073
4237,1254
4238,1284
4239,1315
4240,852
4241,1068
4242,1067
4243,1279
4244,1065
4245,1277
4246,1276
4247,1307
4248,1243
4249,1301
4250,1300
4251,1303
4252,1302
4253,1778
4254,1777
4255,1839
4256,837
4257,1052
4258,1051
4259,1287
4260,1232
4261,1285
4262,1291
4263,1769
4264,1228
4265,1289
4266,1288
4267,1765
4268,1286
4269,1763
4270,1762
4271,1823
4272,1221
4273,1281
4274,1280
4275,1758
4276,1278
4277,1756
4278,1755
4279,1815
4280,1274
4281,1753
4282,1808
4283,1811
4284,1809
4285,2255
4286,2254
4287,2755
4288,1025
4289,1235
4290,1234
4291,1264
4292,1247
4293,1262
4294,1261
4295,1784
4296,1255
4297,1258
4298,1257
4299,1780
4300,1764
4301,1792
4302,1793
4303,2238
4304,1249
4305,1250
4306,1759
4307,1788
4308,1757
4309,1786
4310,1785
4311,2230
4312,1754
4313,1782
4314,1781
4315,2226
4316,1779
4317,2224
4318,2223
4319,2723
4320,1236
4321,1760
4322,1766
4323,1773
4324,1770
4325,1771
4326,2201
4327,2215
4328,1767
4329,2199
4330,2198
4331,2211
4332,2197
4333,2209
4334,2208
4335,2707
4336,1761
4337,2202
4338,2204
4339,2445
4340,2203
4341,2450
4342,2449
4343,2699
4344,2200
4345,2447
4346,2446
4347,2695
4348,2444
4349,2693
4350,2692
4351,2947
4352,17
4353,788
4354,465
4355,1082
4356,376
4357,1139
4358,1138
4359,1200
4360,394
4361,1135
4362,1134
4363,1196
4364,1132
4365,1194
4366,1193
4367,1673
4368,369
4369,1127
4370,1126
4371,1188
4372,1155
4373,1186
4374,1185
4375,1665
4376,1179
4377,1182
4378,1181
4379,1692
4380,1618
4381,1690
4382,1689
4383,1720
4384,139
4385,1158
4386,1157
4387,1172
4388,1163
4389,1170
4390,1169
4391,1653
4392,1165
4393,1166
4394,1608
4395,1704
4396,1607
4397,1706
4398,1705
4399,2149
4400,1159
4401,1647
4402,1646
4403,1696
4404,1645
4405,1698
4406,1697
4407,2141
4408,1644
4409,1694
4410,1693
4411,2137
4412,1691
4413,2135
4414,2134
4415,2628
4416,428
4417,1141
4418,1142
4419,1602
4420,1140
4421,1600
4422,1599
4423,1681
4424,1136
4425,1651
4426,1650
4427,1677
4428,1649
4429,1675
4430,1674
4431,2118
4432,1128
4433,1663
4434,1662
4435,1669
4436,1661
4437,1667
4438,1666
4439,2110
4440,1664
4441,2079
4442,2078
4443,2106
4444,2077
4445,2104
4446,2103
4447,2596
4448,1113
4449,1655
4450,1654
4451,1657
4452,1656
4453,2082
4454,2081
4455,2095
4456,1652
4457,2089
4458,2088
4459,2091
4460,2090
4461,2457
4462,2456
4463,2580
4464,1648
4465,2084
4466,2085
4467,2452
4468,2083
4469,2566
4470,2565
4471,2572
4472,2080
4473,2568
4474,2569
4475,2948
4476,2567
4477,2949
4478,2950
4479,2951
4480,35
4481,1084
4482,1083
4483,1614
4484,1081
4485,1612
4486,1611
4487,1636
4488,1077
4489,1609
4490,1619
4491,1632
4492,1629
4493,1630
4494,2031
4495,2061
4496,1069
4497,1620
4498,1622
4499,1625
4500,1623
4501,2025
4502,2024
4503,2053
4504,1621
4505,2022
4506,2021
4507,2049
4508,2046
4509,2047
4510,2471
4511,2533
4512,1053
4513,1616
4514,1615
4515,2027
4516,1613
4517,2032
4518,2038
4519,2463
4520,1610
4521,2034
4522,2035
4523,2459
4524,2033
4525,2503
4526,2502
4527,2517
4528,1606
4529,2029
4530,2028
4531,2505
4532,2026
4533,2509
4534,2510
4535,2952
4536,2023
4537,2507
4538,2506
4539,2953
4540,2504
4541,2954
4542,2955
4543,2956
4544,1596
4545,1604
4546,1603
4547,2009
4548,1601
4549,2007
4550,2013
4551,2478
4552,1598
4553,2011
4554,2010
4555,2474
4556,2008
4557,2472
4558,2486
4559,2957
4560,1597
4561,2005
4562,2004
4563,2482
4564,2003
4565,2480
4566,2479
4567,2958
4568,2002
4569,2476
4570,2475
4571,2959
4572,2473
4573,2960
4574,2961
4575,2962
4576,1998
4577,2000
4578,1999
4579,2467
4580,2451
4581,2465
4582,2464
4583,2963
4584,2448
4585,2461
4586,2460
4587,2964
4588,2458
4589,2965
4590,2966
4591,2967
4592,2453
4593,2454
4594,2968
4595,2969
4596,2970
4597,2971
4598,2972
4599,2973
4600,2974
4601,2975
4602,2976
4603,2977
4604,2978
4605,2979
4606,2980
4607,2981
4608,12
4609,735
4610,737
4611,977
4612,749
4613,975
4614,981
4615,1494
4616,302
4617,979
4618,978
4619,1490
4620,976
4621,1525
4622,1524
4623,1580
4624,127
4625,971
4626,970
4627,1520
4628,968
4629,1518
4630,1517
4631,1572
4632,964
4633,1515
4634,1514
4635,1568
4636,1513
4637,1566
4638,1565
4639,2165
4640,298
4641,955
4642,954
4643,1509
4644,952
4645,1507
4646,1506
4647,1557
4648,948
4649,1504
4650,1503
4651,1553
4652,1539
4653,1551
4654,1550
4655,2269
4656,940
4657,1541
4658,1540
4659,1546
4660,1543
4661,1544
4662,2142
4663,2261
4664,1542
4665,2139
4666,2138
4667,2257
4668,2136
4669,2318
4670,2380
4671,2982
4672,96
4673,924
4674,923
4675,1527
4676,921
4677,1531
4678,1532
4679,2126
4680,917
4681,1529
4682,1528
4683,2122
4684,1526
4685,2120
4686,2119
4687,2332
4688,909
4689,1522
4690,1521
4691,2114
4692,1519
4693,2112
4694,2111
4695,2324
4696,1516
4697,2108
4698,2107
4699,2320
4700,2105
4701,2348
4702,2349
4703,2983
4704,894
4705,1511
4706,1510
4707,2099
4708,1508
4709,2097
4710,2096
4711,2340
4712,1505
4713,2093
4714,2092
4715,2336
4716,2210
4717,2334
4718,2333
4719,2984
4720,1502
4721,2086
4722,2205
4723,2328
4724,2319
4725,2326
4726,2325
4727,2985
4728,2321
4729,2322
4730,2986
4731,2987
4732,2988
4733,2989
4734,2990
4735,2991
4736,63
4737,867
4738,866
4739,1498
4740,864
4741,1496
4742,1495
4743,2069
4744,860
4745,1492
4746,1491
4747,2065
4748,1489
4749,2063
4750,2062
4751,2285
4752,1484
4753,1487
4754,1486
4755,2057
4756,1485
4757,2055
4758,2054
4759,2293
4760,2048
4761,2051
4762,2050
4763,2289
4764,2225
4765,2287
4766,2286
4767,2992
4768,1479
4769,1482
4770,1481
4771,2042
4772,1480
4773,2040
4774,2039
4775,2277
4776,2036
4777,2213
4778,2212
4779,2273
4780,2256
4781,2271
4782,2270
4783,2993
4784,2030
4785,2206
4786,2258
4787,2265
4788,2262
4789,2263
4790,2994
4791,2995
4792,2259
4793,2996
4794,2997
4795,2998
4796,2999
4797,3000
4798,3001
4799,3002
4800,1475
4801,1477
4802,1476
4803,2017
4804,2014
4805,2015
4806,2216
4807,2246
4808,2012
4809,2228
4810,2227
4811,2242
4812,2239
4813,2240
4814,3003
4815,3004
4816,2006
4817,2232
4818,2231
4819,2234
4820,2233
4821,3005
4822,3006
4823,3007
4824,2229
4825,3008
4826,3009
4827,3010
4828,3011
4829,3012
4830,3013
4831,3014
4832,2001
4833,2217
4834,2219
4835,3015
4836,2218
4837,3016
4838,3017
4839,3018
4840,2214
4841,3019
4842,3020
4843,3021
4844,3022
4845,3023
4846,3024
4847,3025
4848,2207
4849,3026
4850,3027
4851,3028
4852,3029
4853,3030
4854,3031
4855,3032
4856,3033
4857,3034
4858,3035
4859,3036
4860,3037
4861,3038
4862,3039
4863,3040
4864,28
4865,1460
4866,787
4867,1471
4868,1464
4869,1469
4870,1468
4871,2157
4872,1465
4873,1466
4874,2066
4875,2153
4876,2064
4877,2151
4878,2150
4879,2181
4880,1462
4881,2059
4882,2058
4883,2145
4884,2056
4885,2143
4886,2166
4887,2173
4888,2052
4889,2167
4890,2169
4891,3041
4892,2168
4893,3042
4894,3043
4895,3044
4896,759
4897,2044
4898,2043
4899,2161
4900,2041
4901,2159
4902,2158
4903,3045
4904,2037
4905,2155
4906,2154
4907,3046
4908,2152
4909,3047
4910,3048
4911,3049
4912,2087
4913,2147
4914,2146
4915,3050
4916,2144
4917,3051
4918,3052
4919,3053
4920,2140
4921,3054
4922,3055
4923,3056
4924,3057
4925,3058
4926,3059
4927,3060
4928,743
4929,2019
4930,2018
4931,2130
4932,2016
4933,2128
4934,2127
4935,3061
4936,2094
4937,2124
4938,2123
4939,3062
4940,2121
4941,3063
4942,3064
4943,3065
4944,2109
4945,2116
4946,2115
4947,3066
4948,2113
4949,3067
4950,3068
4951,3069
4952,3070
4953,3071
4954,3072
4955,3073
4956,3074
4957,3075
4958,3076
4959,3077
4960,2098
4961,2101
4962,2100
4963,3078
4964,3079
4965,3080
4966,3081
4967,3082
4968,3083
4969,3084
4970,3085
4971,3086
4972,3087
4973,3088
4974,3089
4975,3090
4976,3091
4977,3092
4978,3093
4979,3094
4980,3095
4981,3096
4982,3097
4983,3098
4984,3099
4985,3100
4986,3101
4987,3102
4988,3103
4989,3104
4990,3105
4991,3106
4992,86
4993,2067
4994,2070
4995,2073
4996,2071
4997,3107
4998,3108
4999,3109
5000,2068
5001,3110
5002,3111
5003,3112
5004,3113
5005,3114
5006,3115
5007,3116
5008,2060
5009,3117
5010,3118
5011,3119
5012,3120
5013,3121
5014,3122
5015,3123
5016,3124
5017,3125
5018,3126
5019,3127
5020,3128
5021,3129
5022,3130
5023,3131
5024,2045
5025,3132
5026,3133
5027,3134
5028,3135
5029,3136
5030,3137
5031,3138
5032,3139
5033,3140
5034,3141
5035,3142
5036,3143
5037,3144
5038,3145
5039,3146
5040,3147
5041,3148
5042,3149
5043,3150
5044,3151
5045,3152
5046,3153
5047,3154
5048,3155
5049,3156
5050,3157
5051,3158
5052,3159
5053,3160
5054,3161
5055,3162
5056,2020
5057,3163
5058,3164
5059,3165
5060,3166
5061,3167
5062,3168
5063,3169
5064,3170
5065,3171
5066,3172
5067,3173
5068,3174
5069,3175
5070,3176
5071,3177
5072,3178
5073,3179
5074,3180
5075,3181
5076,3182
5077,3183
5078,3184
5079,3185
5080,3186
5081,3187
5082,3188
5083,3189
5084,3190
5085,3191
5086,3192
5087,3193
5088,3194
5089,3195
5090,3196
5091,3197
5092,3198
5093,3199
5094,3200
5095,3201
5096,3202
5097,3203
5098,3204
5099,3205
5100,3206
5101,3207
5102,3208
5103,3209
5104,3210
5105,3211
5106,3212
5107,3213
5108,3214
5109,3215
5110,3216
5111,3217
5112,3218
5113,3219
5114,3220
5115,3221
5116,3222
5117,3223
5118,3224
5119,3225
5120,6
5121,625
5122,586
5123,719
5124,531
5125,717
5126,716
5127,1588
5128,583
5129,713
5130,712
5131,1584
5132,710
5133,1582
5134,1581
5135,1736
5136,158
5137,1548
5138,1547
5139,1576
5140,1545
5141,1574
5142,1573
5143,1728
5144,1567
5145,1570
5146,1569
5147,1724
5148,1721
5149,1722
5150,1840
5151,1966
5152,140
5153,1555
5154,1554
5155,1561
5156,1552
5157,1559
5158,1558
5159,1712
5160,1556
5161,1708
5162,1709
5163,1827
5164,1707
5165,1825
5166,1824
5167,1950
5168,1549
5169,1700
5170,1701
5171,1819
5172,1699
5173,1817
5174,1816
5175,1942
5176,1695
5177,1813
5178,1812
5179,1938
5180,1810
5181,1936
5182,1935
5183,3226
5184,98
5185,1533
5186,1535
5187,1685
5188,1534
5189,1683
5190,1682
5191,1800
5192,1530
5193,1679
5194,1678
5195,1796
5196,1676
5197,1794
5198,1887
5199,1918
5200,1523
5201,1671
5202,1670
5203,1882
5204,1668
5205,1880
5206,1879
5207,1910
5208,1783
5209,1876
5210,1875
5211,1906
5212,1873
5213,1904
5214,1903
5215,3227
5216,1512
5217,1659
5218,1658
5219,1890
5220,1772
5221,1888
5222,1894
5223,3228
5224,1768
5225,1892
5226,1891
5227,3229
5228,1889
5229,3230
5230,3231
5231,3232
5232,1877
5233,1884
5234,1883
5235,3233
5236,1881
5237,3234
5238,3235
5239,3236
5240,3237
5241,3238
5242,3239
5243,3240
5244,3241
5245,3242
5246,3243
5247,3244
5248,67
5249,1500
5250,1499
5251,1640
5252,1497
5253,1638
5254,1637
5255,1831
5256,1493
5257,1634
5258,1633
5259,1843
5260,1631
5261,1841
5262,1855
5263,3245
5264,1488
5265,1627
5266,1626
5267,1847
5268,1624
5269,1849
5270,1848
5271,3246
5272,1814
5273,1845
5274,1844
5275,3247
5276,1842
5277,3248
5278,3249
5279,3250
5280,1483
5281,1775
5282,1774
5283,1835
5284,1818
5285,1833
5286,1832
5287,3251
5288,1826
5289,1829
5290,1828
5291,3252
5292,3253
5293,3254
5294,3255
5295,3256
5296,1820
5297,1821
5298,3257
5299,3258
5300,3259
5301,3260
5302,3261
5303,3262
5304,3263
5305,3264
5306,3265
5307,3266
5308,3267
5309,3268
5310,3269
5311,3270
5312,1478
5313,1790
5314,1789
5315,1804
5316,1787
5317,1802
5318,1801
5319,3271
5320,1795
5321,1798
5322,1797
5323,3272
5324,3273
5325,3274
5326,3275
5327,3276
5328,1791
5329,3277
5330,3278
5331,3279
5332,3280
5333,3281
5334,3282
5335,3283
5336,3284
5337,3285
5338,3286
5339,3287
5340,3288
5341,3289
5342,3290
5343,3291
5344,1776
5345,3292
5346,3293
5347,3294
5348,3295
5349,3296
5350,3297
5351,3298
5352,3299
5353,3300
5354,3301
5355,3302
5356,3303
5357,3304
5358,3305
5359,3306
5360,3307
5361,3308
5362,3309
5363,3310
5364,3311
5365,3312
5366,3313
5367,3314
5368,3315
5369,3316
5370,3317
5371,3318
5372,3319
5373,3320
5374,3321
5375,3322
5376,25
5377,1473
5378,1472
5379,1716
5380,1470
5381,1714
5382,1713
5383,1744
5384,1467
5385,1710
5386,1725
5387,1740
5388,1723
5389,1738
5390,1737
5391,3323
5392,1463
5393,1702
5394,1729
5395,1732
5396,1730
5397,3324
5398,3325
5399,3326
5400,1726
5401,3327
5402,3328
5403,3329
5404,3330
5405,3331
5406,3332
5407,3333
5408,456
5409,1718
5410,1717
5411,3334
5412,1715
5413,3335
5414,3336
5415,3337
5416,1711
5417,3338
5418,3339
5419,3340
5420,3341
5421,3342
5422,3343
5423,3344
5424,1703
5425,3345
5426,3346
5427,3347
5428,3348
5429,3349
5430,3350
5431,3351
5432,3352
5433,3353
5434,3354
5435,3355
5436,3356
5437,3357
5438,3358
5439,3359
5440,1459
5441,1687
5442,1686
5443,3360
5444,1684
5445,3361
5446,3362
5447,3363
5448,1680
5449,3364
5450,3365
5451,3366
5452,3367
5453,3368
5454,3369
5455,3370
5456,1672
5457,3371
5458,3372
5459,3373
5460,3374
5461,3375
5462,3376
5463,3377
5464,3378
5465,3379
5466,3380
5467,3381
5468,3382
5469,3383
5470,3384
5471,3385
5472,1660
5473,3386
5474,3387
5475,3388
5476,3389
5477,3390
5478,3391
5479,3392
5480,3393
5481,3394
5482,3395
5483,3396
5484,3397
5485,3398
5486,3399
5487,3400
5488,3401
5489,3402
5490,3403
5491,3404
5492,3405
5493,3406
5494,3407
5495,3408
5496,3409
5497,3410
5498,3411
5499,3412
5500,3413
5501,3414
5502,3415
5503,3416
5504,85
5505,1642
5506,1641
5507,3417
5508,1639
5509,3418
5510,3419
5511,3420
5512,1635
5513,3421
5514,3422
5515,3423
5516,3424
5517,3425
5518,3426
5519,3427
5520,1628
5521,3428
5522,3429
5523,3430
5524,3431
5525,3432
5526,3433
5527,3434
5528,3435
5529,3436
5530,3437
5531,3438
5532,3439
5533,3440
5534,3441
5535,3442
5536,1617
5537,3443
5538,3444
5539,3445
5540,3446
5541,3447
5542,3448
5543,3449
5544,3450
5545,3451
5546,3452
5547,3453
5548,3454
5549,3455
5550,3456
5551,3457
5552,3458
5553,3459
5554,3460
5555,3461
5556,3462
5557,3463
5558,3464
5559,3465
5560,3466
5561,3467
5562,3468
5563,3469
5564,3470
5565,3471
5566,3472
5567,3473
5568,1605
5569,3474
5570,3475
5571,3476
5572,3477
5573,3478
5574,3479
5575,3480
5576,3481
5577,3482
5578,3483
5579,3484
5580,3485
5581,3486
5582,3487
5583,3488
5584,3489
5585,3490
5586,3491
5587,3492
5588,3493
5589,3494
5590,3495
5591,3496
5592,3497
5593,3498
5594,3499
5595,3500
5596,3501
5597,3502
5598,3503
5599,3504
5600,3505
5601,3506
5602,3507
5603,3508
5604,3509
5605,3510
5606,3511
5607,3512
5608,3513
5609,3514
5610,3515
5611,3516
5612,3517
5613,3518
5614,3519
5615,3520
5616,3521
5617,3522
5618,3523
5619,3524
5620,3525
5621,3526
5622,3527
5623,3528
5624,3529
5625,3530
5626,3531
5627,3532
5628,3533
5629,3534
5630,3535
5631,3536
5632,15
5633,1537
5634,1536
5635,1592
5636,1560
5637,1590
5638,1589
5639,3537
5640,1571
5641,1586
5642,1585
5643,3538
5644,1583
5645,3539
5646,3540
5647,3541
5648,341
5649,1578
5650,1577
5651,3542
5652,1575
5653,3543
5654,3544
5655,3545
5656,3546
5657,3547
5658,3548
5659,3549
5660,3550
5661,3551
5662,3552
5663,3553
5664,326
5665,1563
5666,1562
5667,3554
5668,3555
5669,3556
5670,3557
5671,3558
5672,3559
5673,3560
5674,3561
5675,3562
5676,3563
5677,3564
5678,3565
5679,3566
5680,3567
5681,3568
5682,3569
5683,3570
5684,3571
5685,3572
5686,3573
5687,3574
5688,3575
5689,3576
5690,3577
5691,3578
5692,3579
5693,3580
5694,3581
5695,3582
5696,99
5697,3583
5698,3584
5699,3585
5700,3586
5701,3587
5702,3588
5703,3589
5704,3590
5705,3591
5706,3592
5707,3593
5708,3594
5709,3595
5710,3596
5711,3597
5712,3598
5713,3599
5714,3600
5715,3601
5716,3602
5717,3603
5718,3604
5719,3605
5720,3606
5721,3607
5722,3608
5723,3609
5724,3610
5725,3611
5726,3612
5727,3613
5728,3614
5729,3615
5730,3616
5731,3617
5732,3618
5733,3619
5734,3620
5735,3621
5736,3622
5737,3623
5738,3624
5739,3625
5740,3626
5741,3627
5742,3628
5743,3629
5744,3630
5745,3631
5746,3632
5747,3633
5748,3634
5749,3635
5750,3636
5751,3637
5752,3638
5753,3639
5754,3640
5755,3641
5756,3642
5757,3643
5758,3644
5759,3645
5760,69
5761,3646
5762,3647
5763,3648
5764,3649
5765,3650
5766,3651
5767,3652
5768,3653
5769,3654
5770,3655
5771,3656
5772,3657
5773,3658
5774,3659
5775,3660
5776,3661
5777,3662
5778,3663
5779,3664
5780,3665
5781,3666
5782,3667
5783,3668
5784,3669
5785,3670
5786,3671
5787,3672
5788,3673
5789,3674
5790,3675
5791,3676
5792,3677
5793,3678
5794,3679
5795,3680
5796,3681
5797,3682
5798,3683
5799,3684
5800,3685
5801,3686
5802,3687
5803,3688
5804,3689
5805,3690
5806,3691
5807,3692
5808,3693
5809,3694
5810,3695
5811,3696
5812,3697
5813,3698
5814,3699
5815,3700
5816,3701
5817,3702
5818,3703
5819,3704
5820,3705
5821,3706
5822,3707
5823,3708
5824,3709
5825,3710
5826,3711
5827,3712
5828,3713
5829,3714
5830,3715
5831,3716
5832,3717
5833,3718
5834,3719
5835,3720
5836,3721
5837,3722
5838,3723
5839,3724
5840,3725
5841,3726
5842,3727
5843,3728
5844,3729
5845,3730
5846,3731
5847,3732
5848,3733
5849,3734
5850,3735
5851,3736
5852,3737
5853,3738
5854,3739
5855,3740
5856,3741
5857,3742
5858,3743
5859,3744
5860,3745
5861,3746
5862,3747
5863,3748
5864,3749
5865,3750
5866,3751
5867,3752
5868,3753
5869,3754
5870,3755
5871,3756
5872,3757
5873,3758
5874,3759
5875,3760
5876,3761
5877,3762
5878,3763
5879,3764
5880,3765
5881,3766
5882,3767
5883,3768
5884,3769
5885,3770
5886,3771
5887,3772
5888,38
5889,3773
5890,3774
5891,3775
5892,3776
5893,3777
5894,3778
5895,3779
5896,3780
5897,3781
5898,3782
5899,3783
5900,3784
5901,3785
5902,3786
5903,3787
5904,3788
5905,3789
5906,3790
5907,3791
5908,3792
5909,3793
5910,3794
5911,3795
5912,3796
5913,3797
5914,3798
5915,3799
5916,3800
5917,3801
5918,3802
5919,3803
5920,1461
5921,3804
5922,3805
5923,3806
5924,3807
5925,3808
5926,3809
5927,3810
5928,3811
5929,3812
5930,3813
5931,3814
5932,3815
5933,3816
5934,3817
5935,3818
5936,3819
5937,3820
5938,3821
5939,3822
5940,3823
5941,3824
5942,3825
5943,3826
5944,3827
5945,3828
5946,3829
5947,3830
5948,3831
5949,3832
5950,3833
5951,3834
5952,3835
5953,3836
5954,3837
5955,3838
5956,3839
5957,3840
5958,3841
5959,3842
5960,3843
5961,3844
5962,3845
5963,3846
5964,3847
5965,3848
5966,3849
5967,3850
5968,3851
5969,3852
5970,3853
5971,3854
5972,3855
5973,3856
5974,3857
5975,3858
5976,3859
5977,3860
5978,3861
5979,3862
5980,3863
5981,3864
5982,3865
5983,3866
5984,3867
5985,3868
5986,3869
5987,3870
5988,3871
5989,3872
5990,3873
5991,3874
5992,3875
5993,3876
5994,3877
5995,3878
5996,3879
5997,3880
5998,3881
5999,3882
6000,3883
6001,3884
6002,3885
6003,3886
6004,3887
6005,3888
6006,3889
6007,3890
6008,3891
6009,3892
6010,3893
6011,3894
6012,3895
6013,3896
6014,3897
6015,3898
6016,1458
6017,3899
6018,3900
6019,3901
6020,3902
6021,3903
6022,3904
6023,3905
6024,3906
6025,3907
6026,3908
6027,3909
6028,3910
6029,3911
6030,3912
6031,3913
6032,3914
6033,3915
6034,3916
6035,3917
6036,3918
6037,3919
6038,3920
6039,3921
6040,3922
6041,3923
6042,3924
6043,3925
6044,3926
6045,3927
6046,3928
6047,3929
6048,3930
6049,3931
6050,3932
6051,3933
6052,3934
6053,3935
6054,3936
6055,3937
6056,3938
6057,3939
6058,3940
6059,3941
6060,3942
6061,3943
6062,3944
6063,3945
6064,3946
6065,3947
6066,3948
6067,3949
6068,3950
6069,3951
6070,3952
6071,3953
6072,3954
6073,3955
6074,3956
6075,3957
6076,3958
6077,3959
6078,3960
6079,3961
6080,3962
6081,3963
6082,3964
6083,3965
6084,3966
6085,3967
6086,3968
6087,3969
6088,3970
6089,3971
6090,3972
6091,3973
6092,3974
6093,3975
6094,3976
6095,3977
6096,3978
6097,3979
6098,3980
6099,3981
6100,3982
6101,3983
6102,3984
6103,3985
6104,3986
6105,3987
6106,3988
6107,3989
6108,3990
6109,3991
6110,3992
6111,3993
6112,3994
6113,3995
6114,3996
6115,3997
6116,3998
6117,3999
6118,4000
6119,4001
6120,4002
6121,4003
6122,4004
6123,4005
6124,4006
6125,4007
6126,4008
6127,4009
6128,4010
6129,4011
6130,4012
6131,4013
6132,4014
6133,4015
6134,4016
6135,4017
6136,4018
6137,4019
6138,4020
6139,4021
6140,4022
6141,4023
6142,4024
6143,4025
6144,4
6145,721
6146,422
6147,985
6148,336
6149,983
6150,982
6151,1323
6152,313
6153,1198
6154,1197
6155,1319
6156,1195
6157,1317
6158,1316
6159,1426
6160,213
6161,1190
6162,1189
6163,1311
6164,1187
6165,1309
6166,1308
6167,1434
6168,1183
6169,1305
6170,1304
6171,1398
6172,1365
6173,1396
6174,1395
6175,4026
6176,203
6177,1174
6178,1173
6179,1295
6180,1171
6181,1293
6182,1292
6183,1418
6184,1167
6185,1352
6186,1351
6187,1414
6188,1349
6189,1412
6190,1411
6191,4027
6192,1282
6193,1344
6194,1343
6195,1406
6196,1341
6197,1404
6198,1403
6199,4028
6200,1337
6201,1400
6202,1399
6203,4029
6204,1397
6205,4030
6206,4031
6207,4032
6208,101
6209,1143
6210,1265
6211,1358
6212,1263
6213,1356
6214,1355
6215,1386
6216,1259
6217,1368
6218,1367
6219,1382
6220,1379
6221,1380
6222,4033
6223,4034
6224,1251
6225,1372
6226,1371
6227,1374
6228,1373
6229,4035
6230,4036
6231,4037
6232,1369
6233,4038
6234,4039
6235,4040
6236,4041
6237,4042
6238,4043
6239,4044
6240,1345
6241,1360
6242,1359
6243,4045
6244,1357
6245,4046
6246,4047
6247,4048
6248,1353
6249,4049
6250,4050
6251,4051
6252,4052
6253,4053
6254,4054
6255,4055
6256,4056
6257,4057
6258,4058
6259,4059
6260,4060
6261,4061
6262,4062
6263,4063
6264,4064
6265,4065
6266,4066
6267,4067
6268,4068
6269,4069
6270,4070
6271,4071
6272,70
6273,1266
6274,1296
6275,1327
6276,1294
6277,1325
6278,1324
6279,4072
6280,493
6281,1321
6282,1320
6283,4073
6284,1318
6285,4074
6286,4075
6287,4076
6288,1306
6289,1313
6290,1312
6291,4077
6292,1310
6293,4078
6294,4079
6295,4080
6296,4081
6297,4082
6298,4083
6299,4084
6300,4085
6301,4086
6302,4087
6303,4088
6304,1290
6305,1297
6306,4089
6307,4090
6308,4091
6309,4092
6310,4093
6311,4094
6312,4095
6313,4096
6314,4097
6315,4098
6316,4099
6317,4100
6318,4101
6319,4102
6320,4103
6321,4104
6322,4105
6323,4106
6324,4107
6325,4108
6326,4109
6327,4110
6328,4111
6329,4112
6330,4113
6331,4114
6332,4115
6333,4116
6334,4117
6335,4118
6336,1267
6337,4119
6338,4120
6339,4121
6340,4122
6341,4123
6342,4124
6343,4125
6344,4126
6345,4127
6346,4128
6347,4129
6348,4130
6349,4131
6350,4132
6351,4133
6352,4134
6353,4135
6354,4136
6355,4137
6356,4138
6357,4139
6358,4140
6359,4141
6360,4142
6361,4143
6362,4144
6363,4145
6364,4146
6365,4147
6366,4148
6367,4149
6368,4150
6369,4151
6370,4152
6371,4153
6372,4154
6373,4155
6374,4156
6375,4157
6376,4158
6377,4159
6378,4160
6379,4161
6380,4162
6381,4163
6382,4164
6383,4165
6384,4166
6385,4167
6386,4168
6387,4169
6388,4170
6389,4171
6390,4172
6391,4173
6392,4174
6393,4175
6394,4176
6395,4177
6396,4178
6397,4179
6398,4180
6399,4181
6400,40
6401,1202
6402,1201
6403,1204
6404,396
6405,4182
6406,4183
6407,4184
6408,403
6409,4185
6410,4186
6411,4187
6412,4188
6413,4189
6414,4190
6415,4191
6416,371
6417,4192
6418,4193
6419,4194
6420,4195
6421,4196
6422,4197
6423,4198
6424,4199
6425,4200
6426,4201
6427,4202
6428,4203
6429,4204
6430,4205
6431,4206
6432,390
6433,4207
6434,4208
6435,4209
6436,4210
6437,4211
6438,4212
6439,4213
6440,4214
6441,4215
6442,4216
6443,4217
6444,4218
6445,4219
6446,4220
6447,4221
6448,4222
6449,4223
6450,4224
6451,4225
6452,4226
6453,4227
6454,4228
6455,4229
6456,4230
6457,4231
6458,4232
6459,4233
6460,4234
6461,4235
6462,4236
6463,4237
6464,1144
6465,4238
6466,4239
6467,4240
6468,4241
6469,4242
6470,4243
6471,4244
6472,4245
6473,4246
6474,4247
6475,4248
6476,4249
6477,4250
6478,4251
6479,4252
6480,4253
6481,4254
6482,4255
6483,4256
6484,4257
6485,4258
6486,4259
6487,4260
6488,4261
6489,4262
6490,4263
6491,4264
6492,4265
6493,4266
6494,4267
6495,4268
6496,4269
6497,4270
6498,4271
6499,4272
6500,4273
6501,4274
6502,4275
6503,4276
6504,4277
6505,4278
6506,4279
6507,4280
6508,4281
6509,4282
6510,4283
6511,4284
6512,4285
6513,4286
6514,4287
6515,4288
6516,4289
6517,4290
6518,4291
6519,4292
6520,4293
6521,4294
6522,4295
6523,4296
6524,4297
6525,4298
6526,4299
6527,4300
6528,389
6529,4301
6530,4302
6531,4303
6532,4304
6533,4305
6534,4306
6535,4307
6536,4308
6537,4309
6538,4310
6539,4311
6540,4312
6541,4313
6542,4314
6543,4315
6544,4316
6545,4317
6546,4318
6547,4319
6548,4320
6549,4321
6550,4322
6551,4323
6552,4324
6553,4325
6554,4326
6555,4327
6556,4328
6557,4329
6558,4330
6559,4331
6560,4332
6561,4333
6562,4334
6563,4335
6564,4336
6565,4337
6566,4338
6567,4339
6568,4340
6569,4341
6570,4342
6571,4343
6572,4344
6573,4345
6574,4346
6575,4347
6576,4348
6577,4349
6578,4350
6579,4351
6580,4352
6581,4353
6582,4354
6583,4355
6584,4356
6585,4357
6586,4358
6587,4359
6588,4360
6589,4361
6590,4362
6591,4363
6592,4364
6593,4365
6594,4366
6595,4367
6596,4368
6597,4369
6598,4370
6599,4371
6600,4372
6601,4373
6602,4374
6603,4375
6604,4376
6605,4377
6606,4378
6607,4379
6608,4380
6609,4381
6610,4382
6611,4383
6612,4384
6613,4385
6614,4386
6615,4387
6616,4388
6617,4389
6618,4390
6619,4391
6620,4392
6621,4393
6622,4394
6623,4395
6624,4396
6625,4397
6626,4398
6627,4399
6628,4400
6629,4401
6630,4402
6631,4403
6632,4404
6633,4405
6634,4406
6635,4407
6636,4408
6637,4409
6638,4410
6639,4411
6640,4412
6641,4413
6642,4414
6643,4415
6644,4416
6645,4417
6646,4418
6647,4419
6648,4420
6649,4421
6650,4422
6651,4423
6652,4424
6653,4425
6654,4426
6655,4427
6656,19
6657,987
6658,986
6659,4428
6660,984
6661,4429
6662,4430
6663,4431
6664,315
6665,4432
6666,4433
6667,4434
6668,4435
6669,4436
6670,4437
6671,4438
6672,277
6673,4439
6674,4440
6675,4441
6676,4442
6677,4443
6678,4444
6679,4445
6680,4446
6681,4447
6682,4448
6683,4449
6684,4450
6685,4451
6686,4452
6687,4453
6688,300
6689,4454
6690,4455
6691,4456
6692,4457
6693,4458
6694,4459
6695,4460
6696,4461
6697,4462
6698,4463
6699,4464
6700,4465
6701,4466
6702,4467
6703,4468
6704,4469
6705,4470
6706,4471
6707,4472
6708,4473
6709,4474
6710,4475
6711,4476
6712,4477
6713,4478
6714,4479
6715,4480
6716,4481
6717,4482
6718,4483
6719,4484
6720,105
6721,4485
6722,4486
6723,4487
6724,4488
6725,4489
6726,4490
6727,4491
6728,4492
6729,4493
6730,4494
6731,4495
6732,4496
6733,4497
6734,4498
6735,4499
6736,4500
6737,4501
6738,4502
6739,4503
6740,4504
6741,4505
6742,4506
6743,4507
6744,4508
6745,4509
6746,4510
6747,4511
6748,4512
6749,4513
6750,4514
6751,4515
6752,4516
6753,4517
6754,4518
6755,4519
6756,4520
6757,4521
6758,4522
6759,4523
6760,4524
6761,4525
6762,4526
6763,4527
6764,4528
6765,4529
6766,4530
6767,4531
6768,4532
6769,4533
6770,4534
6771,4535
6772,4536
6773,4537
6774,4538
6775,4539
6776,4540
6777,4541
6778,4542
6779,4543
6780,4544
6781,4545
6782,4546
6783,4547
6784,73
6785,4548
6786,4549
6787,4550
6788,4551
6789,4552
6790,4553
6791,4554
6792,4555
6793,4556
6794,4557
6795,4558
6796,4559
6797,4560
6798,4561
6799,4562
6800,4563
6801,4564
6802,4565
6803,4566
6804,4567
6805,4568
6806,4569
6807,4570
6808,4571
6809,4572
6810,4573
6811,4574
6812,4575
6813,4576
6814,4577
6815,4578
6816,4579
6817,4580
6818,4581
6819,4582
6820,4583
6821,4584
6822,4585
6823,4586
6824,4587
6825,4588
6826,4589
6827,4590
6828,4591
6829,4592
6830,4593
6831,4594
6832,4595
6833,4596
6834,4597
6835,4598
6836,4599
6837,4600
6838,4601
6839,4602
6840,4603
6841,4604
6842,4605
6843,4606
6844,4607
6845,4608
6846,4609
6847,4610
6848,4611
6849,4612
6850,4613
6851,4614
6852,4615
6853,4616
6854,4617
6855,4618
6856,4619
6857,4620
6858,4621
6859,4622
6860,4623
6861,4624
6862,4625
6863,4626
6864,4627
6865,4628
6866,4629
6867,4630
6868,4631
6869,4632
6870,4633
6871,4634
6872,4635
6873,4636
6874,4637
6875,4638
6876,4639
6877,4640
6878,4641
6879,4642
6880,4643
6881,4644
6882,4645
6883,4646
6884,4647
6885,4648
6886,4649
6887,4650
6888,4651
6889,4652
6890,4653
6891,4654
6892,4655
6893,4656
6894,4657
6895,4658
6896,4659
6897,4660
6898,4661
6899,4662
6900,4663
6901,4664
6902,4665
6903,4666
6904,4667
6905,4668
6906,4669
6907,4670
6908,4671
6909,4672
6910,4673
6911,4674
6912,41
6913,4675
6914,4676
6915,4677
6916,4678
6917,4679
6918,4680
6919,4681
6920,4682
6921,4683
6922,4684
6923,4685
6924,4686
6925,4687
6926,4688
6927,4689
6928,4690
6929,4691
6930,4692
6931,4693
6932,4694
6933,4695
6934,4696
6935,4697
6936,4698
6937,4699
6938,4700
6939,4701
6940,4702
6941,4703
6942,4704
6943,4705
6944,4706
6945,4707
6946,4708
6947,4709
6948,4710
6949,4711
6950,4712
6951,4713
6952,4714
6953,4715
6954,4716
6955,4717
6956,4718
6957,4719
6958,4720
6959,4721
6960,4722
6961,4723
6962,4724
6963,4725
6964,4726
6965,4727
6966,4728
6967,4729
6968,4730
6969,4731
6970,4732
6971,4733
6972,4734
6973,4735
6974,4736
6975,4737
6976,4738
6977,4739
6978,4740
6979,4741
6980,4742
6981,4743
6982,4744
6983,4745
6984,4746
6985,4747
6986,4748
6987,4749
6988,4750
6989,4751
6990,4752
6991,4753
6992,4754
6993,4755
6994,4756
6995,4757
6996,4758
6997,4759
6998,4760
6999,4761
7000,4762
7001,4763
7002,4764
7003,4765
7004,4766
7005,4767
7006,4768
7007,4769
7008,4770
7009,4771
7010,4772
7011,4773
7012,4774
7013,4775
7014,4776
7015,4777
7016,4778
7017,4779
7018,4780
7019,4781
7020,4782
7021,4783
7022,4784
7023,4785
7024,4786
7025,4787
7026,4788
7027,4789
7028,4790
7029,4791
7030,4792
7031,4793
7032,4794
7033,4795
7034,4796
7035,4797
7036,4798
7037,4799
7038,4800
7039,4801
7040,730
7041,4802
7042,4803
7043,4804
7044,4805
7045,4806
7046,4807
7047,4808
7048,4809
7049,4810
7050,4811
7051,4812
7052,4813
7053,4814
7054,4815
7055,4816
7056,4817
7057,4818
7058,4819
7059,4820
7060,4821
7061,4822
7062,4823
7063,4824
7064,4825
7065,4826
7066,4827
7067,4828
7068,4829
7069,4830
7070,4831
7071,4832
7072,4833
7073,4834
7074,4835
7075,4836
7076,4837
7077,4838
7078,4839
7079,4840
7080,4841
7081,4842
7082,4843
7083,4844
7084,4845
7085,4846
7086,4847
7087,4848
7088,4849
7089,4850
7090,4851
7091,4852
7092,4853
7093,4854
7094,4855
7095,4856
7096,4857
7097,4858
7098,4859
7099,4860
7100,4861
7101,4862
7102,4863
7103,4864
7104,4865
7105,4866
7106,4867
7107,4868
7108,4869
7109,4870
7110,4871
7111,4872
7112,4873
7113,4874
7114,4875
7115,4876
7116,4877
7117,4878
7118,4879
7119,4880
7120,4881
7121,4882
7122,4883
7123,4884
7124,4885
7125,4886
7126,4887
7127,4888
7128,4889
7129,4890
7130,4891
7131,4892
7132,4893
7133,4894
7134,4895
7135,4896
7136,4897
7137,4898
7138,4899
7139,4900
7140,4901
7141,4902
7142,4903
7143,4904
7144,4905
7145,4906
7146,4907
7147,4908
7148,4909
7149,4910
7150,4911
7151,4912
7152,4913
7153,4914
7154,4915
7155,4916
7156,4917
7157,4918
7158,4919
7159,4920
7160,4921
7161,4922
7162,4923
7163,4924
7164,4925
7165,4926
7166,4927
7167,4928
7168,7
7169,4929
7170,720
7171,4930
7172,718
7173,4931
7174,4932
7175,4933
7176,714
7177,4934
7178,4935
7179,4936
7180,4937
7181,4938
7182,4939
7183,4940
7184,214
7185,4941
7186,4942
7187,4943
7188,4944
7189,4945
7190,4946
7191,4947
7192,4948
7193,4949
7194,4950
7195,4951
7196,4952
7197,4953
7198,4954
7199,4955
7200,205
7201,4956
7202,4957
7203,4958
7204,4959
7205,4960
7206,4961
7207,4962
7208,4963
7209,4964
7210,4965
7211,4966
7212,4967
7213,4968
7214,4969
7215,4970
7216,4971
7217,4972
7218,4973
7219,4974
7220,4975
7221,4976
7222,4977
7223,4978
7224,4979
7225,4980
7226,4981
7227,4982
7228,4983
7229,4984
7230,4985
7231,4986
7232,106
7233,4987
7234,4988
7235,4989
7236,4990
7237,4991
7238,4992
7239,4993
7240,4994
7241,4995
7242,4996
7243,4997
7244,4998
7245,4999
7246,5000
7247,5001
7248,5002
7249,5003
7250,5004
7251,5005
7252,5006
7253,5007
7254,5008
7255,5009
7256,5010
7257,5011
7258,5012
7259,5013
7260,5014
7261,5015
7262,5016
7263,5017
7264,5018
7265,5019
7266,5020
7267,5021
7268,5022
7269,5023
7270,5024
7271,5025
7272,5026
7273,5027
7274,5028
7275,5029
7276,5030
7277,5031
7278,5032
7279,5033
7280,5034
7281,5035
7282,5036
7283,5037
7284,5038
7285,5039
7286,5040
7287,5041
7288,5042
7289,5043
7290,5044
7291,5045
7292,5046
7293,5047
7294,5048
7295,5049
7296,74
7297,5050
7298,5051
7299,5052
7300,5053
7301,5054
7302,5055
7303,5056
7304,5057
7305,5058
7306,5059
7307,5060
7308,5061
7309,5062
7310,5063
7311,5064
7312,5065
7313,5066
7314,5067
7315,5068
7316,5069
7317,5070
7318,5071
7319,5072
7320,5073
7321,5074
7322,5075
7323,5076
7324,5077
7325,5078
7326,5079
7327,5080
7328,5081
7329,5082
7330,5083
7331,5084
7332,5085
7333,5086
7334,5087
7335,5088
7336,5089
7337,5090
7338,5091
7339,5092
7340,5093
7341,5094
7342,5095
7343,5096
7344,5097
7345,5098
7346,5099
7347,5100
7348,5101
7349,5102
7350,5103
7351,5104
7352,5105
7353,5106
7354,5107
7355,5108
7356,5109
7357,5110
7358,5111
7359,5112
7360,5113
7361,5114
7362,5115
7363,5116
7364,5117
7365,5118
7366,5119
7367,5120
7368,5121
7369,5122
7370,5123
7371,5124
7372,5125
7373,5126
7374,5127
7375,5128
7376,5129
7377,5130
7378,5131
7379,5132
7380,5133
7381,5134
7382,5135
7383,5136
7384,5137
7385,5138
7386,5139
7387,5140
7388,5141
7389,5142
7390,5143
7391,5144
7392,5145
7393,5146
7394,5147
7395,5148
7396,5149
7397,5150
7398,5151
7399,5152
7400,5153
7401,5154
7402,5155
7403,5156
7404,5157
7405,5158
7406,5159
7407,5160
7408,5161
7409,5162
7410,5163
7411,5164
7412,5165
7413,5166
7414,5167
7415,5168
7416,5169
7417,5170
7418,5171
7419,5172
7420,5173
7421,5174
7422,5175
7423,5176
7424,45
7425,5177
7426,5178
7427,5179
7428,5180
7429,5181
7430,5182
7431,5183
7432,5184
7433,5185
7434,5186
7435,5187
7436,5188
7437,5189
7438,5190
7439,5191
7440,5192
7441,5193
7442,5194
7443,5195
7444,5196
7445,5197
7446,5198
7447,5199
7448,5200
7449,5201
7450,5202
7451,5203
7452,5204
7453,5205
7454,5206
7455,5207
7456,5208
7457,5209
7458,5210
7459,5211
7460,5212
7461,5213
7462,5214
7463,5215
7464,5216
7465,5217
7466,5218
7467,5219
7468,5220
7469,5221
7470,5222
7471,5223
7472,5224
7473,5225
7474,5226
7475,5227
7476,5228
7477,5229
7478,5230
7479,5231
7480,5232
7481,5233
7482,5234
7483,5235
7484,5236
7485,5237
7486,5238
7487,5239
7488,5240
7489,5241
7490,5242
7491,5243
7492,5244
7493,5245
7494,5246
7495,5247
7496,5248
7497,5249
7498,5250
7499,5251
7500,5252
7501,5253
7502,5254
7503,5255
7504,5256
7505,5257
7506,5258
7507,5259
7508,5260
7509,5261
7510,5262
7511,5263
7512,5264
7513,5265
7514,5266
7515,5267
7516,5268
7517,5269
7518,5270
7519,5271
7520,5272
7521,5273
7522,5274
7523,5275
7524,5276
7525,5277
7526,5278
7527,5279
7528,5280
7529,5281
7530,5282
7531,5283
7532,5284
7533,5285
7534,5286
7535,5287
7536,5288
7537,5289
7538,5290
7539,5291
7540,5292
7541,5293
7542,5294
7543,5295
7544,5296
7545,5297
7546,5298
7547,5299
7548,5300
7549,5301
7550,5302
7551,5303
7552,5304
7553,5305
7554,5306
7555,5307
7556,5308
7557,5309
7558,5310
7559,5311
7560,5312
7561,5313
7562,5314
7563,5315
7564,5316
7565,5317
7566,5318
7567,5319
7568,5320
7569,5321
7570,5322
7571,5323
7572,5324
7573,5325
7574,5326
7575,5327
7576,5328
7577,5329
7578,5330
7579,5331
7580,5332
7581,5333
7582,5334
7583,5335
7584,5336
7585,5337
7586,5338
7587,5339
7588,5340
7589,5341
7590,5342
7591,5343
7592,5344
7593,5345
7594,5346
7595,5347
7596,5348
7597,5349
7598,5350
7599,5351
7600,5352
7601,5353
7602,5354
7603,5355
7604,5356
7605,5357
7606,5358
7607,5359
7608,5360
7609,5361
7610,5362
7611,5363
7612,5364
7613,5365
7614,5366
7615,5367
7616,5368
7617,5369
7618,5370
7619,5371
7620,5372
7621,5373
7622,5374
7623,5375
7624,5376
7625,5377
7626,5378
7627,5379
7628,5380
7629,5381
7630,5382
7631,5383
7632,5384
7633,5385
7634,5386
7635,5387
7636,5388
7637,5389
7638,5390
7639,5391
7640,5392
7641,5393
7642,5394
7643,5395
7644,5396
7645,5397
7646,5398
7647,5399
7648,5400
7649,5401
7650,5402
7651,5403
7652,5404
7653,5405
7654,5406
7655,5407
7656,5408
7657,5409
7658,5410
7659,5411
7660,5412
7661,5413
7662,5414
7663,5415
7664,5416
7665,5417
7666,5418
7667,5419
7668,5420
7669,5421
7670,5422
7671,5423
7672,5424
7673,5425
7674,5426
7675,5427
7676,5428
7677,5429
7678,5430
7679,5431
7680,22
7681,5432
7682,5433
7683,5434
7684,5435
7685,5436
7686,5437
7687,5438
7688,5439
7689,5440
7690,5441
7691,5442
7692,5443
7693,5444
7694,5445
7695,5446
7696,5447
7697,5448
7698,5449
7699,5450
7700,5451
7701,5452
7702,5453
7703,5454
7704,5455
7705,5456
7706,5457
7707,5458
7708,5459
7709,5460
7710,5461
7711,5462
7712,5463
7713,5464
7714,5465
7715,5466
7716,5467
7717,5468
7718,5469
7719,5470
7720,5471
7721,5472
7722,5473
7723,5474
7724,5475
7725,5476
7726,5477
7727,5478
7728,5479
7729,5480
7730,5481
7731,5482
7732,5483
7733,5484
7734,5485
7735,5486
7736,5487
7737,5488
7738,5489
7739,5490
7740,5491
7741,5492
7742,5493
7743,5494
7744,108
7745,5495
7746,5496
7747,5497
7748,5498
7749,5499
7750,5500
7751,5501
7752,5502
7753,5503
7754,5504
7755,5505
7756,5506
7757,5507
7758,5508
7759,5509
7760,5510
7761,5511
7762,5512
7763,5513
7764,5514
7765,5515
7766,5516
7767,5517
7768,5518
7769,5519
7770,5520
7771,5521
7772,5522
7773,5523
7774,5524
7775,5525
7776,5526
7777,5527
7778,5528
7779,5529
7780,5530
7781,5531
7782,5532
7783,5533
7784,5534
7785,5535
7786,5536
7787,5537
7788,5538
7789,5539
7790,5540
7791,5541
7792,5542
7793,5543
7794,5544
7795,5545
7796,5546
7797,5547
7798,5548
7799,5549
7800,5550
7801,5551
7802,5552
7803,5553
7804,5554
7805,5555
7806,5556
7807,5557
7808,76
7809,5558
7810,5559
7811,5560
7812,5561
7813,5562
7814,5563
7815,5564
7816,5565
7817,5566
7818,5567
7819,5568
7820,5569
7821,5570
7822,5571
7823,5572
7824,5573
7825,5574
7826,5575
7827,5576
7828,5577
7829,5578
7830,5579
7831,5580
7832,5581
7833,5582
7834,5583
7835,5584
7836,5585
7837,5586
7838,5587
7839,5588
7840,5589
7841,5590
7842,5591
7843,5592
7844,5593
7845,5594
7846,5595
7847,5596
7848,5597
7849,5598
7850,5599
7851,5600
7852,5601
7853,5602
7854,5603
7855,5604
7856,5605
7857,5606
7858,5607
7859,5608
7860,5609
7861,5610
7862,5611
7863,5612
7864,5613
7865,5614
7866,5615
7867,5616
7868,5617
7869,5618
7870,5619
7871,5620
7872,5621
7873,5622
7874,5623
7875,5624
7876,5625
7877,5626
7878,5627
7879,5628
7880,5629
7881,5630
7882,5631
7883,5632
7884,5633
7885,5634
7886,5635
7887,5636
7888,5637
7889,5638
7890,5639
7891,5640
7892,5641
7893,5642
7894,5643
7895,5644
7896,5645
7897,5646
7898,5647
7899,5648
7900,5649
7901,5650
7902,5651
7903,5652
7904,5653
7905,5654
7906,5655
7907,5656
7908,5657
7909,5658
7910,5659
7911,5660
7912,5661
7913,5662
7914,5663
7915,5664
7916,5665
7917,5666
7918,5667
7919,5668
7920,5669
7921,5670
7922,5671
7923,5672
7924,5673
7925,5674
7926,5675
7927,5676
7928,5677
7929,5678
7930,5679
7931,5680
7932,5681
7933,5682
7934,5683
7935,5684
7936,49
7937,5685
7938,5686
7939,5687
7940,5688
7941,5689
7942,5690
7943,5691
7944,5692
7945,5693
7946,5694
7947,5695
7948,5696
7949,5697
7950,5698
7951,5699
7952,5700
7953,5701
7954,5702
7955,5703
7956,5704
7957,5705
7958,5706
7959,5707
7960,5708
7961,5709
7962,5710
7963,5711
7964,5712
7965,5713
7966,5714
7967,5715
7968,5716
7969,5717
7970,5718
7971,5719
7972,5720
7973,5721
7974,5722
7975,5723
7976,5724
7977,5725
7978,5726
7979,5727
7980,5728
7981,5729
7982,5730
7983,5731
7984,5732
7985,5733
7986,5734
7987,5735
7988,5736
7989,5737
7990,5738
7991,5739
7992,5740
7993,5741
7994,5742
7995,5743
7996,5744
7997,5745
7998,5746
7999,5747
8000,5748
8001,5749
8002,5750
8003,5751
8004,5752
8005,5753
8006,5754
8007,5755
8008,5756
8009,5757
8010,5758
8011,5759
8012,5760
8013,5761
8014,5762
8015,5763
8016,5764
8017,5765
8018,5766
8019,5767
8020,5768
8021,5769
8022,5770
8023,5771
8024,5772
8025,5773
8026,5774
8027,5775
8028,5776
8029,5777
8030,5778
8031,5779
8032,5780
8033,5781
8034,5782
8035,5783
8036,5784
8037,5785
8038,5786
8039,5787
8040,5788
8041,5789
8042,5790
8043,5791
8044,5792
8045,5793
8046,5794
8047,5795
8048,5796
8049,5797
8050,5798
8051,5799
8052,5800
8053,5801
8054,5802
8055,5803
8056,5804
8057,5805
8058,5806
8059,5807
8060,5808
8061,5809
8062,5810
8063,5811
8064,5812
8065,5813
8066,5814
8067,5815
8068,5816
8069,5817
8070,5818
8071,5819
8072,5820
8073,5821
8074,5822
8075,5823
8076,5824
8077,5825
8078,5826
8079,5827
8080,5828
8081,5829
8082,5830
8083,5831
8084,5832
8085,5833
8086,5834
8087,5835
8088,5836
8089,5837
8090,5838
8091,5839
8092,5840
8093,5841
8094,5842
8095,5843
8096,5844
8097,5845
8098,5846
8099,5847
8100,5848
8101,5849
8102,5850
8103,5851
8104,5852
8105,5853
8106,5854
8107,5855
8108,5856
8109,5857
8110,5858
8111,5859
8112,5860
8113,5861
8114,5862
8115,5863
8116,5864
8117,5865
8118,5866
8119,5867
8120,5868
8121,5869
8122,5870
8123,5871
8124,5872
8125,5873
8126,5874
8127,5875
8128,5876
8129,5877
8130,5878
8131,5879
8132,5880
8133,5881
8134,5882
8135,5883
8136,5884
8137,5885
8138,5886
8139,5887
8140,5888
8141,5889
8142,5890
8143,5891
8144,5892
8145,5893
8146,5894
8147,5895
8148,5896
8149,5897
8150,5898
8151,5899
8152,5900
8153,5901
8154,5902
8155,5903
8156,5904
8157,5905
8158,5906
8159,5907
8160,5908
8161,5909
8162,5910
8163,5911
8164,5912
8165,5913
8166,5914
8167,5915
8168,5916
8169,5917
8170,5918
8171,5919
8172,5920
8173,5921
8174,5922
8175,5923
8176,5924
8177,5925
8178,5926
8179,5927
8180,5928
8181,5929
8182,5930
8183,5931
8184,5932
8185,5933
8186,5934
8187,5935
8188,5936
8189,5937
8190,5938
8191,5939
8192,0
8193,654
8194,528
8195,1390
8196,423
8197,1388
8198,1387
8199,1442
8200,404
8201,1384
8202,1383
8203,1430
8204,1381
8205,1428
8206,1427
8207,1982
8208,217
8209,1376
8210,1375
8211,1438
8212,1405
8213,1436
8214,1435
8215,1974
8216,1401
8217,1432
8218,1431
8219,1970
8220,1429
8221,1968
8222,1967
8223,2412
8224,242
8225,1408
8226,1407
8227,1422
8228,1413
8229,1420
8230,1419
8231,1958
8232,1415
8233,1416
8234,1939
8235,1954
8236,1937
8237,1952
8238,1951
8239,2396
8240,1409
8241,1940
8242,1943
8243,1946
8244,1944
8245,2382
8246,2381
8247,2388
8248,1941
8249,2384
8250,2385
8251,2632
8252,2383
8253,2630
8254,2629
8255,2882
8256,118
8257,1392
8258,1391
8259,1898
8260,1389
8261,1896
8262,1895
8263,1926
8264,1385
8265,1908
8266,1907
8267,1922
8268,1905
8269,1920
8270,1919
8271,2364
8272,1377
8273,1912
8274,1911
8275,1914
8276,1913
8277,2350
8278,2356
8279,2604
8280,1909
8281,2352
8282,2353
8283,2600
8284,2351
8285,2598
8286,2597
8287,2850
8288,1361
8289,1900
8290,1899
8291,2344
8292,1897
8293,2342
8294,2341
8295,2588
8296,1893
8297,2338
8298,2337
8299,2584
8300,2335
8301,2582
8302,2581
8303,2834
8304,1885
8305,2330
8306,2329
8307,2576
8308,2327
8309,2574
8310,2573
8311,2826
8312,2323
8313,2570
8314,2696
8315,2822
8316,2694
8317,2820
8318,2819
8319,5304
8320,77
8321,1329
8322,1328
8323,1851
8324,1326
8325,1857
8326,1856
8327,1863
8328,1322
8329,1859
8330,1860
8331,2301
8332,1858
8333,2303
8334,2302
8335,2549
8336,1314
8337,1853
8338,1852
8339,2297
8340,1850
8341,2295
8342,2294
8343,2541
8344,1846
8345,2291
8346,2290
8347,2537
8348,2288
8349,2535
8350,2534
8351,2787
8352,1298
8353,1837
8354,1836
8355,2281
8356,1834
8357,2279
8358,2278
8359,2525
8360,1830
8361,2275
8362,2274
8363,2521
8364,2272
8365,2519
8366,2518
8367,2771
8368,1822
8369,2267
8370,2266
8371,2513
8372,2264
8373,2511
8374,2700
8375,2763
8376,2260
8377,2697
8378,2756
8379,2759
8380,2757
8381,3584
8382,3583
8383,3835
8384,1799
8385,1806
8386,1805
8387,2250
8388,1803
8389,2248
8390,2247
8391,2494
8392,2241
8393,2244
8394,2243
8395,2490
8396,2487
8397,2488
8398,2708
8399,2739
8400,2235
8401,2236
8402,2483
8403,2703
8404,2481
8405,2701
8406,2724
8407,2731
8408,2477
8409,2725
8410,2727
8411,3555
8412,2726
8413,3774
8414,3773
8415,4706
8416,2220
8417,2221
8418,2468
8419,2711
8420,2466
8421,2709
8422,2715
8423,3546
8424,2462
8425,2713
8426,2712
8427,3776
8428,2710
8429,3788
8430,3789
8431,4690
8432,2455
8433,2705
8434,2704
8435,3780
8436,2702
8437,3782
8438,3781
8439,4682
8440,2698
8441,3778
8442,3777
8443,4678
8444,3775
8445,4676
8446,4675
8447,5940
8448,31
8449,1125
8450,993
8451,1748
8452,430
8453,1746
8454,1745
8455,2189
8456,775
8457,1742
8458,1741
8459,2185
8460,1739
8461,2183
8462,2182
8463,2612
8464,429
8465,1734
8466,1733
8467,2177
8468,1731
8469,2175
8470,2174
8471,2636
8472,1727
8473,2171
8474,2170
8475,2660
8476,2536
8477,2662
8478,2661
8479,3614
8480,392
8481,2163
8482,2162
8483,2529
8484,2160
8485,2527
8486,2526
8487,2644
8488,2156
8489,2523
8490,2522
8491,2648
8492,2520
8493,2646
8494,2645
8495,3598
8496,2148
8497,2515
8498,2514
8499,2640
8500,2512
8501,2638
8502,2637
8503,3590
8504,2508
8505,2634
8506,2633
8507,3586
8508,2631
8509,3647
8510,3646
8511,3709
8512,1688
8513,2132
8514,2131
8515,2498
8516,2129
8517,2496
8518,2495
8519,2620
8520,2125
8521,2492
8522,2491
8523,2616
8524,2489
8525,2614
8526,2613
8527,3567
8528,2117
8529,2484
8530,2577
8531,2608
8532,2575
8533,2606
8534,2605
8535,3559
8536,2571
8537,2602
8538,2601
8539,3649
8540,2599
8541,3677
8542,3678
8543,4579
8544,2102
8545,2469
8546,2585
8547,2592
8548,2583
8549,2590
8550,2589
8551,3653
8552,2586
8553,3544
8554,3543
8555,3661
8556,3542
8557,3663
8558,3662
8559,4563
8560,2578
8561,3540
8562,3539
8563,3657
8564,3538
8565,3655
8566,3654
8567,4555
8568,3537
8569,3651
8570,3650
8571,4551
8572,3648
8573,4549
8574,4548
8575,5941
8576,1085
8577,2075
8578,2074
8579,2545
8580,2072
8581,2543
8582,2542
8583,2557
8584,2493
8585,2539
8586,2538
8587,2553
8588,2550
8589,2551
8590,3568
8591,3630
8592,2485
8593,2547
8594,2546
8595,3563
8596,2544
8597,3561
8598,3560
8599,3622
8600,2540
8601,3557
8602,3556
8603,3618
8604,3554
8605,3616
8606,3615
8607,4516
8608,2470
8609,2531
8610,2530
8611,3550
8612,2528
8613,3548
8614,3547
8615,3606
8616,2524
8617,3588
8618,3587
8619,3602
8620,3585
8621,3600
8622,3599
8623,4500
8624,2516
8625,3592
8626,3591
8627,3594
8628,3593
8629,4433
8630,4432
8631,4492
8632,3589
8633,4430
8634,4429
8635,4488
8636,4428
8637,4486
8638,4485
8639,5942
8640,2497
8641,2500
8642,2499
8643,3571
8644,3549
8645,3569
8646,3575
8647,4446
8648,3545
8649,3573
8650,3572
8651,4442
8652,3570
8653,4440
8654,4439
8655,4469
8656,3541
8657,3565
8658,3564
8659,4435
8660,3562
8661,4455
8662,4454
8663,4461
8664,3558
8665,4457
8666,4458
8667,4959
8668,4456
8669,4957
8670,4929
8671,5463
8672,3551
8673,3552
8674,4436
8675,4450
8676,4434
8677,4448
8678,4447
8679,4948
8680,4431
8681,4444
8682,4443
8683,4944
8684,4441
8685,4942
8686,4941
8687,5447
8688,4437
8689,4932
8690,4931
8691,4937
8692,4930
8693,4935
8694,4934
8695,5439
8696,4933
8697,5433
8698,5432
8699,5435
8700,5434
8701,5943
8702,5944
8703,5945
8704,16
8705,774
8706,830
8707,2193
8708,805
8709,2191
8710,2190
8711,2309
8712,734
8713,2187
8714,2186
8715,2305
8716,2184
8717,2366
8718,2365
8719,2428
8720,278
8721,2179
8722,2178
8723,2360
8724,2176
8725,2358
8726,2357
8727,2420
8728,2172
8729,2354
8730,2413
8731,2416
8732,2414
8733,3293
8734,3292
8735,3505
8736,301
8737,2283
8738,2282
8739,2392
8740,2280
8741,2390
8742,2389
8743,2404
8744,2276
8745,2386
8746,2397
8747,2400
8748,2398
8749,3278
8750,3277
8751,3489
8752,2268
8753,2394
8754,2393
8755,3273
8756,2391
8757,3365
8758,3364
8759,3481
8760,2387
8761,3362
8762,3361
8763,3477
8764,3360
8765,3475
8766,3474
8767,4364
8768,256
8769,2252
8770,2251
8771,2368
8772,2249
8773,2372
8774,2373
8775,3263
8776,2245
8777,2370
8778,2369
8779,3259
8780,2367
8781,3257
8782,3345
8783,3458
8784,2237
8785,2362
8786,2361
8787,3253
8788,2359
8789,3339
8790,3338
8791,3450
8792,2355
8793,3336
8794,3335
8795,3446
8796,3334
8797,3444
8798,3443
8799,4332
8800,2222
8801,2346
8802,2345
8803,3330
8804,2343
8805,3328
8806,3327
8807,3435
8808,2339
8809,3325
8810,3324
8811,3431
8812,3417
8813,3429
8814,3428
8815,4316
8816,2331
8817,3419
8818,3418
8819,3424
8820,3421
8821,3422
8822,4185
8823,4308
8824,3420
8825,4183
8826,4182
8827,4304
8828,4301
8829,4302
8830,5050
8831,5946
8832,79
8833,2299
8834,2298
8835,2313
8836,2296
8837,2311
8838,2310
8839,3237
8840,2292
8841,2307
8842,2306
8843,3348
8844,2304
8845,3346
8846,3371
8847,3401
8848,2300
8849,3231
8850,3230
8851,3341
8852,3229
8853,3387
8854,3386
8855,3393
8856,3228
8857,3389
8858,3390
8859,4210
8860,3388
8861,4208
8862,4207
8863,4269
8864,2284
8865,3332
8866,3331
8867,3367
8868,3329
8869,3372
8870,3378
8871,4199
8872,3326
8873,3374
8874,3375
8875,4195
8876,3373
8877,4193
8878,4192
8879,4253
8880,3323
8881,3369
8882,3368
8883,4188
8884,3366
8885,4186
8886,4238
8887,4245
8888,3363
8889,4239
8890,4241
8891,4990
8892,4240
8893,4988
8894,4987
8895,5240
8896,2253
8897,3343
8898,3342
8899,3352
8900,3340
8901,3354
8902,3353
8903,4214
8904,3337
8905,3350
8906,3349
8907,4222
8908,3347
8909,4224
8910,4223
8911,4971
8912,3344
8913,4190
8914,4189
8915,4218
8916,4187
8917,4216
8918,4215
8919,4963
8920,4184
8921,4212
8922,4211
8923,5180
8924,4209
8925,5178
8926,4956
8927,5208
8928,3333
8929,4197
8930,4196
8931,4203
8932,4194
8933,4201
8934,4200
8935,5184
8936,4198
8937,4946
8938,4945
8939,5192
8940,4943
8941,5194
8942,5177
8943,5947
8944,4191
8945,4939
8946,4938
8947,5188
8948,4936
8949,5186
8950,5185
8951,5948
8952,5179
8953,5182
8954,5181
8955,5949
8956,5950
8957,5951
8958,5952
8959,5953
8960,42
8961,2195
8962,2194
8963,3241
8964,2192
8965,3239
8966,3238
8967,3284
8968,2188
8969,3235
8970,3234
8971,3280
8972,3233
8973,3307
8974,3308
8975,4056
8976,2180
8977,3255
8978,3254
8979,3295
8980,3252
8981,3299
8982,3300
8983,4095
8984,3251
8985,3297
8986,3296
8987,4091
8988,3294
8989,4089
8990,4119
8991,4150
8992,2164
8993,3249
8994,3248
8995,3288
8996,3247
8997,3286
8998,3285
8999,4081
9000,3246
9001,3282
9002,3281
9003,4122
9004,3279
9005,4120
9006,4134
9007,5002
9008,3245
9009,3275
9010,3274
9011,4126
9012,3272
9013,4128
9014,4127
9015,4994
9016,3271
9017,4124
9018,4123
9019,5053
9020,4121
9021,5051
9022,5113
9023,5954
9024,2133
9025,3261
9026,3260
9027,3267
9028,3258
9029,3265
9030,3264
9031,4103
9032,3262
9033,4079
9034,4078
9035,4107
9036,4077
9037,4105
9038,4104
9039,5065
9040,3256
9041,4075
9042,4074
9043,4099
9044,4073
9045,4097
9046,4096
9047,5057
9048,4072
9049,4093
9050,4092
9051,5081
9052,4090
9053,5083
9054,5082
9055,5955
9056,3250
9057,4083
9058,4082
9059,4085
9060,4084
9061,4950
9062,4949
9063,5073
9064,4080
9065,5055
9066,5054
9067,5069
9068,5052
9069,5067
9070,5066
9071,5956
9072,4076
9073,5059
9074,5058
9075,5061
9076,5060
9077,5957
9078,5958
9079,5959
9080,5056
9081,5960
9082,5961
9083,5962
9084,5963
9085,5964
9086,5965
9087,5966
9088,2076
9089,3243
9090,3242
9091,4041
9092,3240
9093,4039
9094,4038
9095,4064
9096,3236
9097,4036
9098,4035
9099,4060
9100,4045
9101,4058
9102,4057
9103,5018
9104,3232
9105,4033
9106,4046
9107,4052
9108,4049
9109,4050
9110,4964
9111,5026
9112,4047
9113,4961
9114,4960
9115,5022
9116,4958
9117,5020
9118,5019
9119,5967
9120,3227
9121,4043
9122,4042
9123,4952
9124,4040
9125,4996
9126,4995
9127,5010
9128,4037
9129,4992
9130,4991
9131,5006
9132,4989
9133,5004
9134,5003
9135,5968
9136,4034
9137,4998
9138,4999
9139,5969
9140,4997
9141,5970
9142,5971
9143,5972
9144,4993
9145,5973
9146,5974
9147,5975
9148,5976
9149,5977
9150,5978
9151,5979
9152,3226
9153,4031
9154,4030
9155,4967
9156,4029
9157,4965
9158,4972
9159,4979
9160,4028
9161,4973
9162,4975
9163,5980
9164,4974
9165,5981
9166,5982
9167,5983
9168,4027
9169,4969
9170,4968
9171,5984
9172,4966
9173,5985
9174,5986
9175,5987
9176,4962
9177,5988
9178,5989
9179,5990
9180,5991
9181,5992
9182,5993
9183,5994
9184,4026
9185,4954
9186,4953
9187,5995
9188,4951
9189,5996
9190,5997
9191,5998
9192,4947
9193,5999
9194,6000
9195,6001
9196,6002
9197,6003
9198,6004
9199,6005
9200,4940
9201,6006
9202,6007
9203,6008
9204,6009
9205,6010
9206,6011
9207,6012
9208,6013
9209,6014
9210,6015
9211,6016
9212,6017
9213,6018
9214,6019
9215,6020
9216,9
9217,675
9218,633
9219,1867
9220,623
9221,1865
9222,1864
9223,1990
9224,584
9225,1861
9226,1923
9227,1986
9228,1921
9229,1984
9230,1983
9231,3091
9232,248
9233,1916
9234,1915
9235,1978
9236,1945
9237,1976
9238,1975
9239,3083
9240,1969
9241,1972
9242,1971
9243,3079
9244,3015
9245,3133
9246,3132
9247,3194
9248,245
9249,1948
9250,1947
9251,1962
9252,1953
9253,1960
9254,1959
9255,3070
9256,1955
9257,1956
9258,3005
9259,3120
9260,3066
9261,3118
9262,3117
9263,3178
9264,1949
9265,3003
9266,3063
9267,3113
9268,3062
9269,3111
9270,3110
9271,3170
9272,3061
9273,3108
9274,3107
9275,3166
9276,3163
9277,3164
9278,4365
9279,4611
9280,186
9281,1924
9282,1927
9283,1930
9284,1928
9285,2997
9286,2996
9287,3124
9288,1925
9289,2994
9290,3051
9291,3135
9292,3050
9293,3147
9294,3148
9295,4348
9296,1917
9297,3048
9298,3047
9299,3139
9300,3046
9301,3141
9302,3140
9303,4340
9304,3045
9305,3137
9306,3136
9307,4336
9308,3134
9309,4334
9310,4333
9311,4833
9312,1901
9313,3043
9314,3042
9315,3128
9316,3041
9317,3126
9318,3125
9319,4324
9320,3109
9321,3122
9322,3121
9323,4320
9324,3119
9325,4318
9326,4317
9327,4817
9328,3112
9329,3115
9330,3114
9331,4312
9332,4303
9333,4310
9334,4309
9335,4809
9336,4305
9337,4306
9338,4552
9339,4805
9340,4550
9341,4803
9342,4802
9343,6021
9344,78
9345,1869
9346,1868
9347,2988
9348,1866
9349,2986
9350,3054
9351,3099
9352,1862
9353,3052
9354,3067
9355,3095
9356,3078
9357,3093
9358,3092
9359,4285
9360,1854
9361,3064
9362,3080
9363,3087
9364,3084
9365,3085
9366,4246
9367,4277
9368,3081
9369,4243
9370,4242
9371,4273
9372,4270
9373,4271
9374,4517
9375,4738
9376,1838
9377,3068
9378,3071
9379,3074
9380,3072
9381,4247
9382,4254
9383,4261
9384,3069
9385,4255
9386,4257
9387,4504
9388,4256
9389,4502
9390,4501
9391,4754
9392,3065
9393,4249
9394,4250
9395,4496
9396,4248
9397,4494
9398,4493
9399,4746
9400,4244
9401,4490
9402,4489
9403,4742
9404,4487
9405,4740
9406,4739
9407,6022
9408,1807
9409,3055
9410,3057
9411,4226
9412,3056
9413,4230
9414,4231
9415,4477
9416,3053
9417,4228
9418,4227
9419,4473
9420,4225
9421,4471
9422,4470
9423,4722
9424,3049
9425,4220
9426,4219
9427,4465
9428,4217
9429,4463
9430,4462
9431,4714
9432,4213
9433,4459
9434,4679
9435,4710
9436,4677
9437,4708
9438,4707
9439,6023
9440,3044
9441,4205
9442,4204
9443,4686
9444,4202
9445,4684
9446,4683
9447,4698
9448,4445
9449,4680
9450,4691
9451,4694
9452,4692
9453,6024
9454,6025
9455,6026
9456,4438
9457,4688
9458,4687
9459,6027
9460,4685
9461,6028
9462,6029
9463,6030
9464,4681
9465,6031
9466,6032
9467,6033
9468,6034
9469,6035
9470,6036
9471,6037
9472,48
9473,1750
9474,1749
9475,2999
9476,1747
9477,3009
9478,3008
9479,3033
9480,1743
9481,3006
9482,3016
9483,3029
9484,3026
9485,3027
9486,4135
9487,4166
9488,1735
9489,3017
9490,3019
9491,3022
9492,3020
9493,4152
9494,4151
9495,4158
9496,3018
9497,4154
9498,4155
9499,4520
9500,4153
9501,4518
9502,4580
9503,4643
9504,1719
9505,3011
9506,3012
9507,4130
9508,3010
9509,4136
9510,4142
9511,4508
9512,3007
9513,4138
9514,4139
9515,4567
9516,4137
9517,4565
9518,4564
9519,4627
9520,3004
9521,4132
9522,4131
9523,4559
9524,4129
9525,4557
9526,4556
9527,4619
9528,4125
9529,4553
9530,4612
9531,4615
9532,4613
9533,6038
9534,6039
9535,6040
9536,2982
9537,3001
9538,3000
9539,4111
9540,2998
9541,4113
9542,4112
9543,4571
9544,2995
9545,4109
9546,4108
9547,4583
9548,4106
9549,4581
9550,4595
9551,6041
9552,2993
9553,4101
9554,4100
9555,4587
9556,4098
9557,4589
9558,4588
9559,6042
9560,4094
9561,4585
9562,4584
9563,6043
9564,4582
9565,6044
9566,6045
9567,6046
9568,2992
9569,4087
9570,4086
9571,4575
9572,4449
9573,4573
9574,4572
9575,6047
9576,4554
9577,4569
9578,4568
9579,6048
9580,4566
9581,6049
9582,6050
9583,6051
9584,4558
9585,4561
9586,4560
9587,6052
9588,6053
9589,6054
9590,6055
9591,6056
9592,6057
9593,6058
9594,6059
9595,6060
9596,6061
9597,6062
9598,6063
9599,6064
9600,1643
9601,2990
9602,2989
9603,4068
9604,2987
9605,4066
9606,4065
9607,4524
9608,2985
9609,4062
9610,4061
9611,4532
9612,4059
9613,4534
9614,4533
9615,6065
9616,2984
9617,4054
9618,4053
9619,4528
9620,4051
9621,4526
9622,4525
9623,6066
9624,4048
9625,4522
9626,4521
9627,6067
9628,4519
9629,6068
9630,6069
9631,6070
9632,2983
9633,4452
9634,4451
9635,4512
9636,4495
9637,4510
9638,4509
9639,6071
9640,4491
9641,4506
9642,4505
9643,6072
9644,4503
9645,6073
9646,6074
9647,6075
9648,4497
9649,4498
9650,6076
9651,6077
9652,6078
9653,6079
9654,6080
9655,6081
9656,6082
9657,6083
9658,6084
9659,6085
9660,6086
9661,6087
9662,6088
9663,6089
9664,4032
9665,4467
9666,4466
9667,4481
9668,4464
9669,4479
9670,4478
9671,6090
9672,4460
9673,4475
9674,4474
9675,6091
9676,4472
9677,6092
9678,6093
9679,6094
9680,4468
9681,6095
9682,6096
9683,6097
9684,6098
9685,6099
9686,6100
9687,6101
9688,6102
9689,6103
9690,6104
9691,6105
9692,6106
9693,6107
9694,6108
9695,6109
9696,4453
9697,6110
9698,6111
9699,6112
9700,6113
9701,6114
9702,6115
9703,6116
9704,6117
9705,6118
9706,6119
9707,6120
9708,6121
9709,6122
9710,6123
9711,6124
9712,6125
9713,6126
9714,6127
9715,6128
9716,6129
9717,6130
9718,6131
9719,6132
9720,6133
9721,6134
9722,6135
9723,6136
9724,6137
9725,6138
9726,6139
9727,6140
9728,33
9729,1594
9730,1593
9731,2970
9732,1591
9733,2968
9734,2974
9735,4174
9736,1587
9737,2972
9738,2971
9739,4170
9740,2969
9741,4168
9742,4167
9743,4380
9744,1579
9745,2966
9746,2965
9747,4162
9748,2964
9749,4160
9750,4159
9751,4372
9752,2963
9753,4156
9754,4274
9755,4368
9756,4272
9757,4366
9758,4396
9759,6141
9760,1564
9761,2961
9762,2960
9763,4146
9764,2959
9765,4144
9766,4143
9767,4388
9768,2958
9769,4140
9770,4258
9771,4384
9772,4319
9773,4382
9774,4381
9775,6142
9776,2957
9777,4251
9778,4313
9779,4376
9780,4311
9781,4374
9782,4373
9783,6143
9784,4307
9785,4370
9786,4369
9787,6144
9788,4367
9789,6145
9790,6146
9791,6147
9792,295
9793,2955
9794,2954
9795,4115
9796,2953
9797,4232
9798,4325
9799,4356
9800,2952
9801,4322
9802,4321
9803,4352
9804,4335
9805,4350
9806,4349
9807,6148
9808,4102
9809,4314
9810,4337
9811,4344
9812,4341
9813,4342
9814,6149
9815,6150
9816,4338
9817,6151
9818,6152
9819,6153
9820,6154
9821,6155
9822,6156
9823,6157
9824,4088
9825,4326
9826,4328
9827,6158
9828,4327
9829,6159
9830,6160
9831,6161
9832,4323
9833,6162
9834,6163
9835,6164
9836,6165
9837,6166
9838,6167
9839,6168
9840,4315
9841,6169
9842,6170
9843,6171
9844,6172
9845,6173
9846,6174
9847,6175
9848,6176
9849,6177
9850,6178
9851,6179
9852,6180
9853,6181
9854,6182
9855,6183
9856,239
9857,2950
9858,2949
9859,4234
9860,2948
9861,4263
9862,4262
9863,4293
9864,4063
9865,4259
9866,4286
9867,4289
9868,4287
9869,6184
9870,6185
9871,6186
9872,4055
9873,4275
9874,4278
9875,4281
9876,4279
9877,6187
9878,6188
9879,6189
9880,4276
9881,6190
9882,6191
9883,6192
9884,6193
9885,6194
9886,6195
9887,6196
9888,4044
9889,4265
9890,4266
9891,6197
9892,4264
9893,6198
9894,6199
9895,6200
9896,4260
9897,6201
9898,6202
9899,6203
9900,6204
9901,6205
9902,6206
9903,6207
9904,4252
9905,6208
9906,6209
9907,6210
9908,6211
9909,6212
9910,6213
9911,6214
9912,6215
9913,6216
9914,6217
9915,6218
9916,6219
9917,6220
9918,6221
9919,6222
9920,4206
9921,4236
9922,4235
9923,6223
9924,4233
9925,6224
9926,6225
9927,6226
9928,4229
9929,6227
9930,6228
9931,6229
9932,6230
9933,6231
9934,6232
9935,6233
9936,4221
9937,6234
9938,6235
9939,6236
9940,6237
9941,6238
9942,6239
9943,6240
9944,6241
9945,6242
9946,6243
9947,6244
9948,6245
9949,6246
9950,6247
9951,6248
9952,6249
9953,6250
9954,6251
9955,6252
9956,6253
9957,6254
9958,6255
9959,6256
9960,6257
9961,6258
9962,6259
9963,6260
9964,6261
9965,6262
9966,6263
9967,6264
9968,6265
9969,6266
9970,6267
9971,6268
9972,6269
9973,6270
9974,6271
9975,6272
9976,6273
9977,6274
9978,6275
9979,6276
9980,6277
9981,6278
9982,6279
9983,6280
9984,52
9985,4070
9986,4069
9987,4178
9988,4067
9989,4176
9990,4175
9991,6281
9992,4110
9993,4172
9994,4171
9995,6282
9996,4169
9997,6283
9998,6284
9999,6285
10000,4133
