x1,x2,x3,x4
0.0,1.0,0.016419050172465095,1.0
7.0,1.0,0.9127992179105822,2.0
3.0,1.0,0.3393624532980574,3.0
3.0,2.0,0.5092897083743836,4.0
2.0,1.0,0.5329478434560736,5.0
4.0,1.0,0.6066505972961787,6.0
6.0,1.0,0.7435810441506681,7.0
0.0,2.0,0.2366786996301408,8.0
0.0,3.0,0.18340361167304323,9.0
5.0,1.0,0.4233369156753793,10.0
5.0,2.0,0.748812350729435,11.0
5.0,3.0,0.7038022993706539,12.0
3.0,3.0,0.5771577804020991,13.0
0.0,4.0,0.1726675258491965,14.0
3.0,4.0,0.46239693071093413,15.0
1.0,1.0,0.2571183354704602,16.0
6.0,2.0,0.7803171813087361,17.0
5.0,4.0,0.37666804519125496,18.0
3.0,5.0,0.09159563186589274,19.0
6.0,3.0,0.6360068566588335,20.0
4.0,2.0,0.40703879695154627,21.0
1.0,2.0,0.08479529351319536,22.0
6.0,4.0,0.8499002952658972,23.0
7.0,2.0,0.7432931972930803,24.0
0.0,5.0,0.13750121758596232,25.0
1.0,3.0,0.20762524306173347,26.0
0.0,6.0,0.22258558811354417,27.0
7.0,3.0,0.7318347843574701,28.0
3.0,6.0,0.3481492191406295,29.0
7.0,4.0,0.750048972938573,30.0
0.0,7.0,0.04879632238216744,31.0
4.0,3.0,0.5152512830602006,32.0
7.0,5.0,0.8861322990727075,33.0
2.0,2.0,0.4475256325007459,34.0
6.0,5.0,0.5505067840082545,35.0
0.0,8.0,0.005193444292650847,36.0
4.0,4.0,0.6251228588614468,37.0
4.0,5.0,0.4494963704130626,38.0
7.0,6.0,0.9589366656458075,39.0
8.0,1.0,0.9508194813702052,40.0
6.0,6.0,0.9621848318086178,41.0
8.0,2.0,0.9652012418432371,42.0
6.0,7.0,0.629243929102559,43.0
3.0,7.0,0.3709284838056893,44.0
5.0,5.0,0.7101897061587178,45.0
0.0,9.0,0.020050200373773336,46.0
7.0,7.0,0.6122506260120446,47.0
1.0,4.0,0.0501369057250132,48.0
5.0,6.0,0.7805931330362107,49.0
6.0,8.0,0.8601962753315657,50.0
6.0,9.0,0.6037020289552035,51.0
0.0,10.0,0.10451144423888516,52.0
4.0,6.0,0.2946709393720374,53.0
2.0,3.0,0.44081872716341514,54.0
6.0,10.0,0.6659713780153919,55.0
2.0,4.0,0.2086416805905961,56.0
4.0,7.0,0.4477448592194907,57.0
2.0,5.0,0.19702853960077962,58.0
5.0,7.0,0.7830220585848525,59.0
2.0,6.0,0.0560727510610034,60.0
3.0,8.0,0.23608372128002028,61.0
1.0,5.0,0.09834803944458767,62.0
3.0,9.0,0.42187659570983654,63.0
4.0,8.0,0.5294204448227386,64.0
2.0,7.0,0.253388135572536,65.0
8.0,3.0,0.748261054810389,66.0
5.0,8.0,0.5221630601830441,67.0
2.0,8.0,0.4584880045664378,68.0
3.0,10.0,0.4266608620848952,69.0
2.0,9.0,0.27176813217061424,70.0
4.0,9.0,0.6875048411567145,71.0
6.0,11.0,0.7462200038548592,72.0
0.0,11.0,0.03049563203755015,73.0
7.0,8.0,0.9018240438616887,74.0
4.0,10.0,0.5591350515444414,75.0
0.0,12.0,0.040928491731679686,76.0
5.0,9.0,0.8201819296426373,77.0
4.0,11.0,0.44815214378878676,78.0
0.0,13.0,0.15121839296328718,79.0
7.0,9.0,0.966552780330318,80.0
7.0,10.0,0.9178254863775497,81.0
7.0,11.0,0.5708902456058775,82.0
7.0,12.0,0.812207522756747,83.0
1.0,6.0,0.227135366205877,84.0
3.0,11.0,0.6027578718775776,85.0
4.0,12.0,0.6687306333495239,86.0
8.0,4.0,0.7831963514019844,87.0
2.0,10.0,0.4030308581849615,88.0
5.0,10.0,0.3997195956464457,89.0
2.0,11.0,0.4219979954262888,90.0
4.0,13.0,0.5481937659397527,91.0
0.0,14.0,0.1272968082311641,92.0
2.0,12.0,0.3833505606130403,93.0
5.0,11.0,0.39141394515323574,94.0
4.0,14.0,0.3086088341968058,95.0
4.0,15.0,0.5430899339384809,96.0
2.0,13.0,0.2640002268436793,97.0
7.0,13.0,0.7642774139132301,98.0
0.0,15.0,0.15162739785633822,99.0
0.0,16.0,0.08332998346900167,100.0
3.0,12.0,0.2562129674250833,101.0
2.0,14.0,0.34460360733734624,102.0
1.0,7.0,0.017449283629607053,103.0
3.0,13.0,0.3895973581328946,104.0
2.0,15.0,0.3075060859156277,105.0
8.0,5.0,0.720145375024281,106.0
6.0,12.0,0.7094353570549381,107.0
4.0,16.0,0.33534575429672436,108.0
7.0,14.0,0.7222204426934894,109.0
4.0,17.0,0.546499639953456,110.0
7.0,15.0,0.6982258467020951,111.0
2.0,16.0,0.13000150393736443,112.0
2.0,17.0,0.3351598179083512,113.0
4.0,18.0,0.5831113398114783,114.0
8.0,6.0,0.8649443047312916,115.0
1.0,8.0,0.1187073068541634,116.0
5.0,12.0,0.6358478891090591,117.0
4.0,19.0,0.4228179379055026,118.0
5.0,13.0,0.4223147603128731,119.0
2.0,18.0,0.4050114923906001,120.0
6.0,13.0,0.6847757172107539,121.0
6.0,14.0,0.5805390463642905,122.0
1.0,9.0,0.2641478610352615,123.0
6.0,15.0,0.6292981624258983,124.0
8.0,7.0,0.8017879275357965,125.0
8.0,8.0,0.9337580017826088,126.0
6.0,16.0,0.6261094745320555,127.0
7.0,16.0,0.7749361241866548,128.0
1.0,10.0,0.23505325324783258,129.0
0.0,17.0,0.1795103623232537,130.0
6.0,17.0,0.549362663729071,131.0
0.0,18.0,0.058456109527680114,132.0
3.0,14.0,0.42548930438954236,133.0
4.0,20.0,0.6237097328365894,134.0
2.0,19.0,0.48333364029028747,135.0
7.0,17.0,0.8374898929861255,136.0
7.0,18.0,0.9059194650098483,137.0
0.0,19.0,0.35978595049944023,138.0
4.0,21.0,0.4624523608243925,139.0
7.0,19.0,0.9193588917362375,140.0
3.0,15.0,0.5893674873330629,141.0
0.0,20.0,0.14920869312744178,142.0
3.0,16.0,0.4336829979343097,143.0
4.0,22.0,0.523061756697388,144.0
0.0,21.0,0.0689999970791806,145.0
3.0,17.0,0.2646523410868757,146.0
6.0,18.0,0.43269171806040957,147.0
6.0,19.0,0.6697419822845729,148.0
4.0,23.0,0.5434775943771699,149.0
1.0,11.0,0.5148067319108577,150.0
1.0,12.0,0.210370197600105,151.0
6.0,20.0,0.6018780939174744,152.0
3.0,18.0,0.3771412816678472,153.0
3.0,19.0,0.5703661141609438,154.0
2.0,20.0,0.39878988959467726,155.0
0.0,22.0,0.08949080252171566,156.0
6.0,21.0,0.9204687687450633,157.0
1.0,13.0,0.25238383423337846,158.0
6.0,22.0,0.4859310570643496,159.0
7.0,20.0,0.8635229999161731,160.0
5.0,14.0,0.5593404291838885,161.0
8.0,9.0,0.9756003134394083,162.0
7.0,21.0,0.8057909807137944,163.0
5.0,15.0,0.5006092177726734,164.0
6.0,23.0,0.5298699292574627,165.0
7.0,22.0,0.9161973322192113,166.0
3.0,20.0,0.42076785204192657,167.0
3.0,21.0,0.6839966160343969,168.0
4.0,24.0,0.38105497764991764,169.0
6.0,24.0,0.7035931089117949,170.0
0.0,23.0,0.019989186535003485,171.0
3.0,22.0,0.2441983648481345,172.0
1.0,14.0,0.1740851564462102,173.0
4.0,25.0,0.6482559268461355,174.0
8.0,10.0,0.9901943901688296,175.0
7.0,23.0,0.7062724145772961,176.0
6.0,25.0,0.5503359032222443,177.0
3.0,23.0,0.15270825154874143,178.0
6.0,26.0,0.8336665283996675,179.0
3.0,24.0,0.5945844550641604,180.0
8.0,11.0,0.8476159694244764,181.0
0.0,24.0,0.07550674360965888,182.0
6.0,27.0,0.601616842957197,183.0
1.0,15.0,0.016571967155130412,184.0
1.0,16.0,0.08046794207587935,185.0
8.0,12.0,0.9301857447404901,186.0
0.0,25.0,0.1844391873305318,187.0
7.0,24.0,0.850045798070231,188.0
1.0,17.0,0.18503596025309452,189.0
2.0,21.0,0.4747077723678631,190.0
5.0,16.0,0.6759719655935436,191.0
0.0,26.0,0.07726927247736688,192.0
3.0,25.0,0.288771823114885,193.0
6.0,28.0,0.867378737969737,194.0
2.0,22.0,0.17298172850795762,195.0
7.0,25.0,0.7790095441362236,196.0
6.0,29.0,0.8421589825333495,197.0
7.0,26.0,0.8700357212660819,198.0
3.0,26.0,0.40671960793182643,199.0
6.0,30.0,0.5569895751613858,200.0
4.0,26.0,0.3119706887050248,201.0
1.0,18.0,0.11710479494658992,202.0
2.0,23.0,0.43141644743729934,203.0
0.0,27.0,0.0865128699813567,204.0
3.0,27.0,0.34651580028798173,205.0
6.0,31.0,0.6383732750059485,206.0
2.0,24.0,0.10818109206499714,207.0
6.0,32.0,0.7091166449419147,208.0
5.0,17.0,0.4676200711149003,209.0
1.0,19.0,0.3476978691498675,210.0
7.0,27.0,0.5244094432984251,211.0
2.0,25.0,0.25022424314340785,212.0
2.0,26.0,0.1655844726079271,213.0
6.0,33.0,0.7639715960876604,214.0
1.0,20.0,0.11945597727405273,215.0
8.0,13.0,0.9999619031465976,216.0
7.0,28.0,0.9748897731226547,217.0
4.0,27.0,0.5144986911055593,218.0
0.0,28.0,0.11081052396741448,219.0
2.0,27.0,0.17560430995198906,220.0
5.0,18.0,0.8167058061430306,221.0
8.0,14.0,0.8890670305105621,222.0
5.0,19.0,0.676460393910472,223.0
7.0,29.0,0.7860781556553738,224.0
7.0,30.0,0.7542231364814904,225.0
0.0,29.0,0.31399183639680944,226.0
4.0,28.0,0.5438732155595822,227.0
4.0,29.0,0.3037664798605317,228.0
0.0,30.0,0.1669327456308226,229.0
8.0,15.0,0.8720671633121386,230.0
4.0,30.0,0.557349284552473,231.0
3.0,28.0,0.6560560827261301,232.0
5.0,20.0,0.6019802679124748,233.0
3.0,29.0,0.36707166825718357,234.0
6.0,34.0,0.8648607831038962,235.0
5.0,21.0,0.6220884757158539,236.0
6.0,35.0,0.7361264269672513,237.0
3.0,30.0,0.12980275552284676,238.0
7.0,31.0,0.9878154484762123,239.0
0.0,31.0,0.2397434459074302,240.0
1.0,21.0,0.00363869366396347,241.0
0.0,32.0,0.1680856204006524,242.0
0.0,33.0,0.0222584836396926,243.0
4.0,31.0,0.3816269779405518,244.0
4.0,32.0,0.5845809572939484,245.0
8.0,16.0,0.8978545282769242,246.0
2.0,28.0,0.1744928994445549,247.0
3.0,31.0,0.2630184234334065,248.0
7.0,32.0,0.8321404713426013,249.0
0.0,34.0,0.04269933654457189,250.0
5.0,22.0,0.7224108602247308,251.0
2.0,29.0,0.1590454044819094,252.0
8.0,17.0,0.9799133618911268,253.0
6.0,36.0,0.7417114980990925,254.0
7.0,33.0,0.7290198561097045,255.0
0.0,35.0,0.04984851599099194,256.0
8.0,18.0,0.9226200164384649,257.0
4.0,33.0,0.6646627292304624,258.0
4.0,34.0,0.69192890118425,259.0
3.0,32.0,0.43081459064091365,260.0
3.0,33.0,0.4067296068856462,261.0
5.0,23.0,0.588226853752237,262.0
8.0,19.0,0.8887605616523198,263.0
8.0,20.0,0.6930013355238485,264.0
7.0,34.0,0.7937468711432246,265.0
4.0,35.0,0.48796409298646637,266.0
8.0,21.0,0.9243799502271389,267.0
0.0,36.0,0.25887161427517674,268.0
3.0,34.0,0.5544270530864625,269.0
3.0,35.0,0.5099642099057548,270.0
5.0,24.0,0.6253131964625717,271.0
1.0,22.0,0.24576121961752054,272.0
4.0,36.0,0.5124313861557119,273.0
5.0,25.0,0.8842497174688576,274.0
5.0,26.0,0.37136079497550994,275.0
6.0,37.0,0.6392188330311943,276.0
8.0,22.0,0.8054805481873313,277.0
6.0,38.0,0.8135269843303368,278.0
3.0,36.0,0.6030819631227932,279.0
3.0,37.0,0.3262544390389387,280.0
7.0,35.0,0.8741018221546449,281.0
8.0,23.0,0.9894683195574442,282.0
8.0,24.0,0.984433609197731,283.0
6.0,39.0,0.6860850835407613,284.0
8.0,25.0,0.9101155544192981,285.0
3.0,38.0,0.5360926531837666,286.0
8.0,26.0,0.8585509045213695,287.0
2.0,30.0,0.3518451636036213,288.0
8.0,27.0,0.8579047608061167,289.0
2.0,31.0,0.27655346826136623,290.0
1.0,23.0,0.010639223126895131,291.0
6.0,40.0,0.7773440761659954,292.0
5.0,27.0,0.6215450069883899,293.0
3.0,39.0,0.44261530126342774,294.0
8.0,28.0,0.8435825892888371,295.0
4.0,37.0,0.41893286762329485,296.0
8.0,29.0,0.97474543495516,297.0
7.0,36.0,0.8682261516839086,298.0
5.0,28.0,0.7324907594604644,299.0
5.0,29.0,0.5184253330195202,300.0
0.0,37.0,0.0990312745726607,301.0
4.0,38.0,0.6570452762933223,302.0
2.0,32.0,0.15186240341815027,303.0
3.0,40.0,0.35508071148520903,304.0
4.0,39.0,0.42529930951720807,305.0
4.0,40.0,0.6645584412929618,306.0
5.0,30.0,0.4929838358475488,307.0
2.0,33.0,0.15055427350281653,308.0
5.0,31.0,0.532177631087937,309.0
3.0,41.0,0.5522759373014894,310.0
6.0,41.0,0.4837134674140691,311.0
3.0,42.0,0.38065398420274704,312.0
0.0,38.0,0.08753133447071036,313.0
3.0,43.0,0.1936841914542306,314.0
6.0,42.0,0.753547442922566,315.0
4.0,41.0,0.45239867807916473,316.0
0.0,39.0,0.15551785546459107,317.0
4.0,42.0,0.4768806737282089,318.0
2.0,34.0,0.4120844200478078,319.0
7.0,37.0,0.7898344498081471,320.0
3.0,44.0,0.432693766416123,321.0
6.0,43.0,0.8882521139772903,322.0
3.0,45.0,0.3472665602136104,323.0
5.0,32.0,0.7647198657065677,324.0
0.0,40.0,0.1958785699632348,325.0
0.0,41.0,0.1276113590750715,326.0
3.0,46.0,0.42344996439209753,327.0
4.0,43.0,0.3647920248544977,328.0
2.0,35.0,0.2429364184990649,329.0
8.0,30.0,0.8975716607697151,330.0
8.0,31.0,0.6781258170988025,331.0
3.0,47.0,0.5198779596186586,332.0
3.0,48.0,0.31867883108197714,333.0
5.0,33.0,0.7865326649193548,334.0
0.0,42.0,0.09307394907011136,335.0
5.0,34.0,0.766183880423122,336.0
7.0,38.0,0.871821906090385,337.0
2.0,36.0,0.28374294863108374,338.0
1.0,24.0,0.17131852909669845,339.0
6.0,44.0,0.9323192308818954,340.0
1.0,25.0,0.5159939654188717,341.0
8.0,32.0,0.8973973653091326,342.0
3.0,49.0,0.23753699544475576,343.0
8.0,33.0,0.8074245404320191,344.0
2.0,37.0,0.11145735501829183,345.0
7.0,39.0,0.9329983264336676,346.0
7.0,40.0,0.9425642281987311,347.0
3.0,50.0,0.8049376698422622,348.0
3.0,51.0,0.537889370401203,349.0
6.0,45.0,0.5386971945154366,350.0
4.0,44.0,0.5576369738287863,351.0
5.0,35.0,0.4573032833269619,352.0
1.0,26.0,0.43727172641673373,353.0
5.0,36.0,0.6007645666089664,354.0
5.0,37.0,0.5978399785556968,355.0
3.0,52.0,0.5778267347652599,356.0
8.0,34.0,0.8675074662377066,357.0
4.0,45.0,0.6540529057984215,358.0
2.0,38.0,0.22404239243355673,359.0
6.0,46.0,0.7663528044728946,360.0
4.0,46.0,0.44092430830029383,361.0
0.0,43.0,0.14939001066946528,362.0
2.0,39.0,0.5477608023768901,363.0
5.0,38.0,0.1543203152218003,364.0
6.0,47.0,0.677362375458248,365.0
1.0,27.0,0.19860678802522544,366.0
8.0,35.0,0.7821544714320404,367.0
1.0,28.0,0.2470881155934946,368.0
8.0,36.0,0.9733495962668727,369.0
8.0,37.0,0.9078594643103013,370.0
5.0,39.0,0.7888396744312329,371.0
3.0,53.0,0.5917535543859275,372.0
6.0,48.0,0.7773892057787991,373.0
2.0,40.0,0.08880893534513164,374.0
2.0,41.0,0.327318811047086,375.0
8.0,38.0,0.7977125915026826,376.0
4.0,47.0,0.3495776134804532,377.0
6.0,49.0,0.5351617701018859,378.0
5.0,40.0,0.5528284003002153,379.0
5.0,41.0,0.5782870707630025,380.0
2.0,42.0,0.10186267315545364,381.0
2.0,43.0,0.3747493679440421,382.0
0.0,44.0,0.05078653973007986,383.0
6.0,50.0,0.4603629042282884,384.0
5.0,42.0,0.4765218649807607,385.0
5.0,43.0,0.5758305528605581,386.0
6.0,51.0,0.6684901740382158,387.0
3.0,54.0,0.1545477418345575,388.0
0.0,45.0,0.2933234174801398,389.0
1.0,29.0,0.10320701174584565,390.0
5.0,44.0,0.627488820523208,391.0
5.0,45.0,0.6687242040066215,392.0
7.0,41.0,0.7781475443494218,393.0
0.0,46.0,0.10933569517594117,394.0
6.0,52.0,0.7887183393887461,395.0
6.0,53.0,0.6462142614364843,396.0
7.0,42.0,0.9313966414477989,397.0
1.0,30.0,0.1049017775553311,398.0
8.0,39.0,0.97257366787162,399.0
5.0,46.0,0.6592403219300313,400.0
0.0,47.0,0.19858457398224325,401.0
1.0,31.0,0.041567783385012234,402.0
8.0,40.0,0.940609676797889,403.0
5.0,47.0,0.6148819931845969,404.0
0.0,48.0,0.007139754501238132,405.0
2.0,44.0,0.47418334206956864,406.0
3.0,55.0,0.3371331237795607,407.0
5.0,48.0,0.7446101238847291,408.0
0.0,49.0,0.07786615968359478,409.0
5.0,49.0,0.5272287164518693,410.0
4.0,48.0,0.6645078812830502,411.0
8.0,41.0,0.9771139798254317,412.0
6.0,54.0,0.46844662791954916,413.0
1.0,32.0,0.42214410961093063,414.0
5.0,50.0,0.19810202081559555,415.0
3.0,56.0,0.516917325975018,416.0
0.0,50.0,0.2991575785029603,417.0
8.0,42.0,0.9232263523543732,418.0
0.0,51.0,0.09244152671038701,419.0
0.0,52.0,0.05492939618764292,420.0
0.0,53.0,0.06679811966820627,421.0
3.0,57.0,0.32819770452941754,422.0
1.0,33.0,0.11638765093640703,423.0
7.0,43.0,0.7642790054699812,424.0
0.0,54.0,0.18453761683625652,425.0
3.0,58.0,0.5723971483204223,426.0
5.0,51.0,0.5796287665820073,427.0
8.0,43.0,0.9438157383800106,428.0
8.0,44.0,0.9404998172879415,429.0
2.0,45.0,0.31634658253257425,430.0
1.0,34.0,0.07761833872148242,431.0
3.0,59.0,0.10883575450469789,432.0
3.0,60.0,0.31999853997431277,433.0
5.0,52.0,0.5067378499289396,434.0
2.0,46.0,0.29657669385000773,435.0
6.0,55.0,0.7983215732145981,436.0
5.0,53.0,0.6581069067641359,437.0
1.0,35.0,0.4217566957296073,438.0
7.0,44.0,0.8443654740158133,439.0
2.0,47.0,0.0773937075985847,440.0
0.0,55.0,0.0743517139814688,441.0
1.0,36.0,0.05869984939098046,442.0
6.0,56.0,0.7354418596844575,443.0
8.0,45.0,0.964165692513505,444.0
5.0,54.0,0.8510812786518125,445.0
0.0,56.0,0.15840151351908796,446.0
2.0,48.0,0.13716883119698947,447.0
7.0,45.0,0.9097994007022757,448.0
4.0,49.0,0.8434477872781492,449.0
8.0,46.0,0.8942087402838051,450.0
5.0,55.0,0.3331832289414278,451.0
0.0,57.0,0.023191865344712785,452.0
8.0,47.0,0.9489818152481682,453.0
7.0,46.0,0.7765702411571802,454.0
4.0,50.0,0.4678754617539357,455.0
0.0,58.0,0.1383334728715956,456.0
0.0,59.0,0.06510146043077701,457.0
3.0,61.0,0.4235762728323882,458.0
0.0,60.0,0.05270198235119229,459.0
6.0,57.0,0.6121047613977245,460.0
4.0,51.0,0.7608446566833001,461.0
6.0,58.0,0.7383948043950042,462.0
5.0,56.0,0.5558320077531873,463.0
1.0,37.0,0.32795185040801417,464.0
7.0,47.0,0.7208702703273785,465.0
7.0,48.0,0.9104928212197574,466.0
2.0,49.0,0.48283203396606894,467.0
5.0,57.0,0.5023275190072185,468.0
1.0,38.0,0.17572798210819865,469.0
4.0,52.0,0.7793383534521846,470.0
3.0,62.0,0.25161272292520237,471.0
5.0,58.0,0.7451186923780291,472.0
7.0,49.0,0.8519639911624579,473.0
2.0,50.0,0.24919345399140228,474.0
8.0,48.0,0.9675992332883843,475.0
8.0,49.0,0.7222612978897809,476.0
2.0,51.0,0.13462957392372302,477.0
6.0,59.0,0.6258613823297398,478.0
1.0,39.0,0.020977174720662628,479.0
4.0,53.0,0.293589514353664,480.0
7.0,50.0,0.8913632104540603,481.0
2.0,52.0,0.5912012937859326,482.0
0.0,61.0,0.09589380875383058,483.0
2.0,53.0,0.2679861871314299,484.0
3.0,63.0,0.31173355781592155,485.0
7.0,51.0,0.977727316198016,486.0
5.0,59.0,0.6287957325503988,487.0
4.0,54.0,0.4368504846518025,488.0
0.0,62.0,0.12748518210572754,489.0
3.0,64.0,0.22733884359341366,490.0
7.0,52.0,0.5567420848048692,491.0
3.0,65.0,0.3328545102556061,492.0
4.0,55.0,0.6556669536882176,493.0
1.0,40.0,0.2325495219602647,494.0
6.0,60.0,0.6023260301568232,495.0
7.0,53.0,0.7033140136824487,496.0
6.0,61.0,0.8175649147339061,497.0
8.0,50.0,0.9831064650132842,498.0
8.0,51.0,0.8221087520395958,499.0
1.0,41.0,0.21931856947413073,500.0
5.0,60.0,0.8123164327498288,501.0
3.0,66.0,0.27369527836876467,502.0
3.0,67.0,0.581949217814414,503.0
3.0,68.0,0.07966440667920334,504.0
7.0,54.0,0.8117235522079442,505.0
6.0,62.0,0.6951607061153623,506.0
7.0,55.0,0.8347729823787784,507.0
7.0,56.0,0.8501412357883499,508.0
8.0,52.0,0.6731499650557933,509.0
3.0,69.0,0.21354827553516262,510.0
3.0,70.0,0.6821804144016279,511.0
7.0,57.0,0.7051702681462461,512.0
4.0,56.0,0.39157214678824953,513.0
5.0,61.0,0.5695765363158974,514.0
7.0,58.0,0.7258926464949371,515.0
6.0,63.0,0.5999319345054105,516.0
4.0,57.0,0.40956564223355274,517.0
2.0,54.0,0.3913896114802526,518.0
8.0,53.0,0.7013656823784488,519.0
2.0,55.0,0.27047479903939253,520.0
1.0,42.0,0.2920807176349209,521.0
4.0,58.0,0.5682430173868906,522.0
3.0,71.0,0.2249943696193874,523.0
3.0,72.0,0.26620319147188776,524.0
6.0,64.0,0.8403835677773933,525.0
8.0,54.0,0.9829852933388319,526.0
4.0,59.0,0.3799767650579886,527.0
3.0,73.0,0.26789120898921787,528.0
3.0,74.0,0.33588190425722386,529.0
4.0,60.0,0.52397815680018,530.0
2.0,56.0,0.19344192125146234,531.0
4.0,61.0,0.48199964833072856,532.0
6.0,65.0,0.7853798015190637,533.0
6.0,66.0,0.8110348172473588,534.0
5.0,62.0,0.49434101623276855,535.0
5.0,63.0,0.7050993657924327,536.0
4.0,62.0,0.5880248377438094,537.0
6.0,67.0,0.4187776896688858,538.0
7.0,59.0,0.8369289788352938,539.0
7.0,60.0,0.9102314566166331,540.0
1.0,43.0,0.20198193160030253,541.0
1.0,44.0,0.46565189609284796,542.0
8.0,55.0,0.9678562775053818,543.0
2.0,57.0,0.29036868297628027,544.0
5.0,64.0,0.5085592702030128,545.0
3.0,75.0,0.45751281899163115,546.0
7.0,61.0,0.8097668642343179,547.0
4.0,63.0,0.282887844929267,548.0
8.0,56.0,0.6649667532483191,549.0
6.0,68.0,0.7341049394670599,550.0
1.0,45.0,0.01828029334064545,551.0
6.0,69.0,0.6283255411255131,552.0
6.0,70.0,0.7328356606638888,553.0
3.0,76.0,0.2914397231487743,554.0
1.0,46.0,0.21491388195850594,555.0
5.0,65.0,0.7142777941726279,556.0
0.0,63.0,0.02081625569914585,557.0
8.0,57.0,0.8785075188845,558.0
4.0,64.0,0.518896189322727,559.0
0.0,64.0,0.1111559998670225,560.0
2.0,58.0,0.08281133207963577,561.0
3.0,77.0,0.3149318471027044,562.0
6.0,71.0,0.6835699678318652,563.0
0.0,65.0,0.025568972384317157,564.0
3.0,78.0,0.6832049792441265,565.0
6.0,72.0,0.7532088311410653,566.0
6.0,73.0,0.509227089604024,567.0
0.0,66.0,0.07037642734566174,568.0
1.0,47.0,0.11037673823616988,569.0
5.0,66.0,0.6403859962015276,570.0
4.0,65.0,0.741937637855826,571.0
5.0,67.0,0.5525871810949478,572.0
8.0,58.0,0.935830599264155,573.0
6.0,74.0,0.601783792744039,574.0
2.0,59.0,0.31076493341868827,575.0
0.0,67.0,0.04903291296378309,576.0
0.0,68.0,0.020724893694796475,577.0
2.0,60.0,0.19101223078399093,578.0
4.0,66.0,0.2598093531845893,579.0
5.0,68.0,0.4069157709662921,580.0
1.0,48.0,0.14644578576405667,581.0
1.0,49.0,0.15490831004130248,582.0
0.0,69.0,0.03861288826408442,583.0
8.0,59.0,0.9608657123373159,584.0
2.0,61.0,0.16023991240834493,585.0
7.0,62.0,0.887508403248539,586.0
8.0,60.0,0.8746349631306602,587.0
1.0,50.0,0.22865170537378726,588.0
3.0,79.0,0.24959589984956046,589.0
3.0,80.0,0.43116621929438737,590.0
4.0,67.0,0.4021404619036102,591.0
6.0,75.0,0.5887490855724378,592.0
5.0,69.0,0.6606269156628276,593.0
2.0,62.0,0.09350101329668704,594.0
2.0,63.0,0.14475078830361499,595.0
5.0,70.0,0.49411941826387273,596.0
8.0,61.0,0.9092209614333936,597.0
8.0,62.0,0.9447161524798547,598.0
6.0,76.0,0.4620050615955695,599.0
5.0,71.0,0.6684888189422223,600.0
2.0,64.0,0.20727512202683762,601.0
8.0,63.0,0.9530606386713053,602.0
6.0,77.0,0.6840990257860445,603.0
4.0,68.0,0.3108120863596251,604.0
1.0,51.0,0.10601015004378914,605.0
5.0,72.0,0.45043514416204977,606.0
4.0,69.0,0.2682322777332716,607.0
0.0,70.0,0.0988028874750461,608.0
5.0,73.0,0.6438641466412677,609.0
1.0,52.0,0.04874799879654495,610.0
4.0,70.0,0.5947409917207344,611.0
5.0,74.0,0.6422719979655657,612.0
1.0,53.0,0.15804477342343154,613.0
8.0,64.0,0.8565332074779923,614.0
3.0,81.0,0.5071656821775625,615.0
0.0,71.0,0.3147264322974951,616.0
2.0,65.0,0.2455731656932402,617.0
0.0,72.0,0.008288330055404922,618.0
2.0,66.0,0.5340610096089194,619.0
4.0,71.0,0.4951460658556125,620.0
6.0,78.0,0.7335557693914537,621.0
8.0,65.0,0.9860659160047373,622.0
1.0,54.0,0.0678617725002161,623.0
6.0,79.0,0.8604312679677306,624.0
8.0,66.0,0.9776490466476968,625.0
4.0,72.0,0.47846125508667686,626.0
4.0,73.0,0.43686090152787466,627.0
2.0,67.0,0.2439466480412254,628.0
0.0,73.0,0.12716170642860386,629.0
2.0,68.0,0.20892496739298003,630.0
4.0,74.0,0.41745169282417743,631.0
2.0,69.0,0.39939145460329484,632.0
2.0,70.0,0.3560130034734438,633.0
5.0,75.0,0.5546786379658782,634.0
3.0,82.0,0.38563111233106384,635.0
8.0,67.0,0.8523071855177174,636.0
7.0,63.0,0.6284047126788541,637.0
7.0,64.0,0.539536922046611,638.0
0.0,74.0,0.05989383891423722,639.0
6.0,80.0,0.7848905174787107,640.0
8.0,68.0,0.9328492679416281,641.0
4.0,75.0,0.778869375956815,642.0
5.0,76.0,0.7772771841124706,643.0
1.0,55.0,0.4092087749265929,644.0
8.0,69.0,0.9566442962173342,645.0
2.0,71.0,0.5555668054577596,646.0
5.0,77.0,0.7119571759490894,647.0
0.0,75.0,0.07211208856121432,648.0
4.0,76.0,0.5484681226974651,649.0
8.0,70.0,0.9244860833051114,650.0
3.0,83.0,0.4288677082569582,651.0
4.0,77.0,0.6020580181658228,652.0
1.0,56.0,0.19386161225203982,653.0
3.0,84.0,0.4822625193646458,654.0
6.0,81.0,0.8868009875569565,655.0
1.0,57.0,0.12798630421731483,656.0
3.0,85.0,0.2640739035424889,657.0
3.0,86.0,0.45048197192708933,658.0
2.0,72.0,0.4719213086455302,659.0
2.0,73.0,0.5960521803492566,660.0
3.0,87.0,0.16156897114743826,661.0
8.0,71.0,0.9479768650745616,662.0
5.0,78.0,0.79450801218042,663.0
2.0,74.0,0.29039736138974187,664.0
3.0,88.0,0.32140317520918915,665.0
5.0,79.0,0.7031085833006036,666.0
8.0,72.0,0.9886229881290975,667.0
0.0,76.0,0.020576929225968925,668.0
0.0,77.0,0.05610025653129635,669.0
5.0,80.0,0.6450920503491698,670.0
8.0,73.0,0.8057726413264947,671.0
0.0,78.0,0.09782756464681715,672.0
7.0,65.0,0.5039885172226755,673.0
0.0,79.0,0.19843653328404987,674.0
0.0,80.0,0.1178634625749595,675.0
5.0,81.0,0.6555771073177125,676.0
3.0,89.0,0.39407147266788933,677.0
2.0,75.0,0.24754785490519707,678.0
4.0,78.0,0.5533632580855943,679.0
0.0,81.0,0.040151019474211166,680.0
4.0,79.0,0.2595809342376078,681.0
5.0,82.0,0.6612716000792416,682.0
6.0,82.0,0.7810145507732528,683.0
2.0,76.0,0.3761622372785508,684.0
4.0,80.0,0.5369032518024618,685.0
0.0,82.0,0.07787834214744799,686.0
4.0,81.0,0.3749617513401216,687.0
7.0,66.0,0.9351711204746094,688.0
6.0,83.0,0.873152827680423,689.0
7.0,67.0,0.8879766601832896,690.0
8.0,74.0,0.9990622873778482,691.0
8.0,75.0,0.9786734956963866,692.0
5.0,83.0,0.5128934423754367,693.0
1.0,58.0,0.3805560600381124,694.0
1.0,59.0,0.26417658068907324,695.0
8.0,76.0,0.9739113320102184,696.0
5.0,84.0,0.5139311033890857,697.0
0.0,83.0,0.06601895186885953,698.0
8.0,77.0,0.8123428360927943,699.0
3.0,90.0,0.361928264662118,700.0
3.0,91.0,0.5703297563505461,701.0
0.0,84.0,0.07419105125440333,702.0
1.0,60.0,0.37230169418438264,703.0
1.0,61.0,0.07063328476644941,704.0
3.0,92.0,0.37026660560740127,705.0
0.0,85.0,0.10460750085382503,706.0
1.0,62.0,0.12903583901513202,707.0
2.0,77.0,0.2884260263648289,708.0
3.0,93.0,0.28283876136551844,709.0
0.0,86.0,0.11984886808055673,710.0
7.0,68.0,0.7607053931671154,711.0
7.0,69.0,0.720659887920694,712.0
5.0,85.0,0.4393405650293521,713.0
5.0,86.0,0.6339694972385981,714.0
1.0,63.0,0.1916193743346113,715.0
1.0,64.0,0.043572201536808,716.0
8.0,78.0,0.9551894840529557,717.0
0.0,87.0,0.0407929162045784,718.0
6.0,84.0,0.6432919415542451,719.0
2.0,78.0,0.09448353836864035,720.0
8.0,79.0,0.7306788595132273,721.0
8.0,80.0,0.9228210301111602,722.0
3.0,94.0,0.2421058130261093,723.0
7.0,70.0,0.9432502343392953,724.0
0.0,88.0,0.03221065971991401,725.0
7.0,71.0,0.8056472095024754,726.0
3.0,95.0,0.4973288664092956,727.0
5.0,87.0,0.6087636108558298,728.0
5.0,88.0,0.8897576701752097,729.0
6.0,85.0,0.7469709458337348,730.0
3.0,96.0,0.2969675661848731,731.0
6.0,86.0,0.738769720464981,732.0
7.0,72.0,0.8117448144857845,733.0
3.0,97.0,0.2998299369220746,734.0
5.0,89.0,0.6749658838127386,735.0
3.0,98.0,0.5079948115953135,736.0
1.0,65.0,0.18077930865260097,737.0
2.0,79.0,0.48420334675832366,738.0
1.0,66.0,0.22469220583138677,739.0
3.0,99.0,0.4190941242180812,740.0
3.0,100.0,0.17446471056421264,741.0
7.0,73.0,0.9814119060855361,742.0
3.0,101.0,0.225679192092667,743.0
0.0,89.0,0.10196860191967122,744.0
4.0,82.0,0.5319733951255348,745.0
2.0,80.0,0.5327435724113458,746.0
1.0,67.0,0.17129713374108713,747.0
1.0,68.0,0.24495194217723174,748.0
1.0,69.0,0.11601686001759835,749.0
8.0,81.0,0.7742060877458439,750.0
3.0,102.0,0.5730845743012714,751.0
6.0,87.0,0.643275501569983,752.0
5.0,90.0,0.7009615429750993,753.0
3.0,103.0,0.20506194317700316,754.0
6.0,88.0,0.513718873900824,755.0
2.0,81.0,0.49269410692627297,756.0
8.0,82.0,0.9614797897573313,757.0
1.0,70.0,0.20919515812686487,758.0
3.0,104.0,0.28847674109843685,759.0
5.0,91.0,0.6916129582728098,760.0
6.0,89.0,0.6873079591734123,761.0
7.0,74.0,0.7451121637563052,762.0
3.0,105.0,0.2938908951829665,763.0
7.0,75.0,0.8199670922800759,764.0
2.0,82.0,0.21435413299000594,765.0
8.0,83.0,0.9884463223600293,766.0
0.0,90.0,0.11980888387029773,767.0
8.0,84.0,0.7962712995649187,768.0
5.0,92.0,0.5898111794450583,769.0
4.0,83.0,0.5349306933966498,770.0
1.0,71.0,0.09567442348138909,771.0
6.0,90.0,0.8368018076365542,772.0
5.0,93.0,0.6883945377999936,773.0
1.0,72.0,0.13923456337764167,774.0
1.0,73.0,0.18101725680783726,775.0
6.0,91.0,0.6171515982644464,776.0
0.0,91.0,0.00013841801642834473,777.0
7.0,76.0,0.8591649240503452,778.0
6.0,92.0,0.5633792551912572,779.0
5.0,94.0,0.386093409610702,780.0
8.0,85.0,0.9510829358632366,781.0
3.0,106.0,0.477564151321757,782.0
1.0,74.0,0.01813720784483679,783.0
3.0,107.0,0.3808299582567429,784.0
1.0,75.0,0.13019465930392674,785.0
8.0,86.0,0.9673473026448732,786.0
0.0,92.0,0.03677215959056536,787.0
5.0,95.0,0.7653884053076003,788.0
8.0,87.0,0.9485986973758984,789.0
3.0,108.0,0.3550404965841074,790.0
4.0,84.0,0.5095169134441758,791.0
5.0,96.0,0.777032214927873,792.0
8.0,88.0,0.9080541333682401,793.0
8.0,89.0,0.8654591254607852,794.0
6.0,93.0,0.7496325414008306,795.0
5.0,97.0,0.6210088560352678,796.0
6.0,94.0,0.567279393499302,797.0
4.0,85.0,0.21437166682334705,798.0
8.0,90.0,0.8792567739681901,799.0
3.0,109.0,0.3135285241726808,800.0
2.0,83.0,0.27337370319251747,801.0
6.0,95.0,0.7870451713646627,802.0
8.0,91.0,0.9172411313225987,803.0
5.0,98.0,0.44434993198525014,804.0
2.0,84.0,0.2646326401644917,805.0
1.0,76.0,0.17955558787928474,806.0
8.0,92.0,0.9438687948745161,807.0
2.0,85.0,0.30679791743650076,808.0
0.0,93.0,0.2130059225086124,809.0
7.0,77.0,0.7687513346165314,810.0
8.0,93.0,0.9812711519446926,811.0
4.0,86.0,0.656695764801274,812.0
4.0,87.0,0.20080995770731921,813.0
2.0,86.0,0.3773724150943237,814.0
0.0,94.0,0.18789016518948584,815.0
2.0,87.0,0.24320049937602206,816.0
5.0,99.0,0.5942874170604724,817.0
5.0,100.0,0.7596849769546354,818.0
6.0,96.0,0.6941821531467333,819.0
3.0,110.0,0.4660405491042976,820.0
3.0,111.0,0.28801802113418445,821.0
6.0,97.0,0.46902432280773526,822.0
6.0,98.0,0.8184889074716114,823.0
5.0,101.0,0.828323490055417,824.0
1.0,77.0,0.03870802952459169,825.0
7.0,78.0,0.9193108007943621,826.0
8.0,94.0,0.7179052219756205,827.0
3.0,112.0,0.23183994385502446,828.0
6.0,99.0,0.5441175555514408,829.0
6.0,100.0,0.4134655202269707,830.0
6.0,101.0,0.6888894548850899,831.0
6.0,102.0,0.5970480703435554,832.0
7.0,79.0,0.7840495740040507,833.0
2.0,88.0,0.46883081709313,834.0
1.0,78.0,0.15257707593570607,835.0
4.0,88.0,0.41849674552438537,836.0
7.0,80.0,0.8756158386342073,837.0
7.0,81.0,0.6263210098501497,838.0
6.0,103.0,0.8657724517905656,839.0
5.0,102.0,0.8032421922303035,840.0
1.0,79.0,0.2504190804662034,841.0
4.0,89.0,0.3036389162190261,842.0
4.0,90.0,0.6246182767614028,843.0
5.0,103.0,0.8745203082696364,844.0
6.0,104.0,0.8675546633976725,845.0
2.0,89.0,0.2679083026658426,846.0
1.0,80.0,0.27139159929375717,847.0
3.0,113.0,0.16637528630760187,848.0
2.0,90.0,0.4622934661504336,849.0
5.0,104.0,0.6404389876356411,850.0
1.0,81.0,0.1918938526447758,851.0
4.0,91.0,0.38829433143211817,852.0
8.0,95.0,0.9572564931999895,853.0
6.0,105.0,0.8334645972878395,854.0
8.0,96.0,0.9807999619165072,855.0
0.0,95.0,0.005411381585903315,856.0
4.0,92.0,0.76637860769909,857.0
4.0,93.0,0.754245227976119,858.0
4.0,94.0,0.23770598900375403,859.0
2.0,91.0,0.2374778274488033,860.0
1.0,82.0,0.05310946186041808,861.0
8.0,97.0,0.9233822141688549,862.0
0.0,96.0,0.20521334627158874,863.0
8.0,98.0,0.9903409838869709,864.0
5.0,105.0,0.45568305808092746,865.0
2.0,92.0,0.22836525333554394,866.0
3.0,114.0,0.39976589406006563,867.0
8.0,99.0,0.9222422810165622,868.0
8.0,100.0,0.993240245430846,869.0
8.0,101.0,0.8129626481589874,870.0
7.0,82.0,0.7429188495681104,871.0
5.0,106.0,0.7281539917010286,872.0
4.0,95.0,0.43602484930139607,873.0
3.0,115.0,0.6285584396990166,874.0
2.0,93.0,0.19356669345048144,875.0
5.0,107.0,0.4339133419519571,876.0
6.0,106.0,0.5638799939457995,877.0
0.0,97.0,0.13262820074342482,878.0
3.0,116.0,0.5126762896958245,879.0
2.0,94.0,0.08371866223194223,880.0
3.0,117.0,0.49147666257799466,881.0
6.0,107.0,0.9042512319023446,882.0
3.0,118.0,0.24405496049904166,883.0
5.0,108.0,0.38774271723147113,884.0
1.0,83.0,0.05996337261151831,885.0
3.0,119.0,0.32630620053839826,886.0
8.0,102.0,0.9664932833884731,887.0
8.0,103.0,0.9393114972856403,888.0
2.0,95.0,0.15244521660455068,889.0
1.0,84.0,0.3965604460884899,890.0
8.0,104.0,0.9898766807675666,891.0
4.0,96.0,0.33538216312352404,892.0
8.0,105.0,0.9092141971067619,893.0
3.0,120.0,0.4096155547139893,894.0
5.0,109.0,0.6034213312674508,895.0
3.0,121.0,0.18355699259114727,896.0
6.0,108.0,0.4318850196073238,897.0
6.0,109.0,0.6818431977495619,898.0
5.0,110.0,0.510151553646639,899.0
0.0,98.0,0.010906533981214658,900.0
0.0,99.0,0.015958174779195304,901.0
8.0,106.0,0.9921102073827578,902.0
0.0,100.0,0.086627755104271,903.0
6.0,110.0,0.8807150961165753,904.0
4.0,97.0,0.6446982684696497,905.0
4.0,98.0,0.6469583904086339,906.0
7.0,83.0,0.9720029992035661,907.0
2.0,96.0,0.10553832252543549,908.0
6.0,111.0,0.6978413050789769,909.0
4.0,99.0,0.4480186670016544,910.0
3.0,122.0,0.4122077041135116,911.0
0.0,101.0,0.19377014362432088,912.0
4.0,100.0,0.2721518856977054,913.0
7.0,84.0,0.7277764085993481,914.0
1.0,85.0,0.12170386490534409,915.0
7.0,85.0,0.5843066019032839,916.0
4.0,101.0,0.455867117373415,917.0
1.0,86.0,0.2837822128833734,918.0
2.0,97.0,0.24045266067574203,919.0
5.0,111.0,0.645860981198339,920.0
0.0,102.0,0.043740438771154584,921.0
2.0,98.0,0.16063778338148194,922.0
8.0,107.0,0.9149300834934732,923.0
4.0,102.0,0.3478264266304711,924.0
4.0,103.0,0.6896169160411778,925.0
3.0,123.0,0.45312238016577994,926.0
7.0,86.0,0.7320555143042372,927.0
4.0,104.0,0.6363806876867288,928.0
8.0,108.0,0.9959020118352574,929.0
8.0,109.0,0.7629844339755081,930.0
7.0,87.0,0.8693913738846684,931.0
7.0,88.0,0.8603149208277455,932.0
2.0,99.0,0.1897218849603797,933.0
3.0,124.0,0.2074907362367034,934.0
4.0,105.0,0.830161323995963,935.0
0.0,103.0,0.017995047015423392,936.0
6.0,112.0,0.6896553892945224,937.0
5.0,112.0,0.5588466993296539,938.0
8.0,110.0,0.913245439125701,939.0
8.0,111.0,0.965035051593842,940.0
6.0,113.0,0.7315565235831125,941.0
3.0,125.0,0.3133114176326271,942.0
7.0,89.0,0.6071328414299692,943.0
2.0,100.0,0.14992271194765716,944.0
4.0,106.0,0.41790422085738077,945.0
6.0,114.0,0.6263162401920412,946.0
1.0,87.0,0.25387009808554395,947.0
0.0,104.0,0.015836143203441302,948.0
4.0,107.0,0.5105415233984117,949.0
4.0,108.0,0.5254101436670221,950.0
7.0,90.0,0.8677462904636642,951.0
3.0,126.0,0.4656631136808175,952.0
5.0,113.0,0.6741669798272476,953.0
5.0,114.0,0.5599558757698062,954.0
6.0,115.0,0.8709233141675972,955.0
2.0,101.0,0.19067757640853378,956.0
1.0,88.0,0.027756621029459735,957.0
4.0,109.0,0.3009249536902899,958.0
1.0,89.0,0.23044728825091873,959.0
8.0,112.0,0.9804615037916546,960.0
3.0,127.0,0.55818348446727,961.0
8.0,113.0,0.9749929082359392,962.0
8.0,114.0,0.9965666841700168,963.0
5.0,115.0,0.7463818026479008,964.0
2.0,102.0,0.31270753531243206,965.0
4.0,110.0,0.5491350883060931,966.0
2.0,103.0,0.1433429544679746,967.0
5.0,116.0,0.5610183470259251,968.0
0.0,105.0,0.08654813144112375,969.0
4.0,111.0,0.6281853538540035,970.0
4.0,112.0,0.4477004552879056,971.0
1.0,90.0,0.07641594233631153,972.0
4.0,113.0,0.41720796325097737,973.0
3.0,128.0,0.5860353440929305,974.0
8.0,115.0,0.9894980082528223,975.0
2.0,104.0,0.1969987447912383,976.0
8.0,116.0,0.8093020486232245,977.0
7.0,91.0,0.8551598006723162,978.0
4.0,114.0,0.5048505394057332,979.0
4.0,115.0,0.4179319391614913,980.0
2.0,105.0,0.31983006765456184,981.0
8.0,117.0,0.9063602978084301,982.0
6.0,116.0,0.3173101604959198,983.0
8.0,118.0,0.9787437480655511,984.0
4.0,116.0,0.758037603135222,985.0
8.0,119.0,0.997964391846599,986.0
1.0,91.0,0.445944083240733,987.0
3.0,129.0,0.3959681002601217,988.0
1.0,92.0,0.2988440056198142,989.0
5.0,117.0,0.7141413457569117,990.0
4.0,117.0,0.2496557069180504,991.0
5.0,118.0,0.47301334364956266,992.0
2.0,106.0,0.26322290396642883,993.0
5.0,119.0,0.8197261234370599,994.0
2.0,107.0,0.2999801489724258,995.0
6.0,117.0,0.8435409327989171,996.0
1.0,93.0,0.1960118075627212,997.0
0.0,106.0,0.19484910428634128,998.0
7.0,92.0,0.7804694358549347,999.0
0.0,107.0,0.25179299344751227,1000.0
